"Deal_ID","Ticker","Acquiror_Name","AI_CAP","CULT","STRUCT","DYN","SIZE","OUT"
136,"ABDN","ABRDN PLC",-1.38981931592187,0.67,0.33,0.000636,0.989646,-0.221378
76,"ADBE","ADOBE INC.",0.75214166083919,0.67,0.67,0.00034,0.080773,0
80,"ADSK","AUTODESK INC.",0.0461459946033064,0.67,0.67,0.00034,0.263824,0.040238
124,"ADTN","ADTRAN HOLDINGS INC.",-0.176782040138865,0.33,0.95,0.000636,0.494881,-0.122896
115,"AIF","ALTUS GROUP LTD",-0.623777094817484,0.67,0.67,0.00034,0.403824,-0.238729
52,"AJG","ARTHUR J GALLAGHER & COMPANY",0.461912439262395,0.67,0.95,0.001354,0.050636,0.062385
4,"AJG","ARTHUR J GALLAGHER & COMPANY",0.461912439262395,0.67,0.95,0.001362,0.487246,-0.134628
51,"AJG","ARTHUR J GALLAGHER & COMPANY",0.461912439262395,0.67,0.95,0.001354,0.089755,0.062385
142,"AKAM","AKAMAI TECHNOLOGIES INC.",-1.1088765510645,0.33,0.95,0.000336,0.248849,-0.020943
5,"ALL","ALLSTATE CORPORATION, THE",0.173112439262395,0.33,0.67,0.001362,0.07907,-0.179912
85,"ALLY","ALLY FINANCIAL INC.",-0.372515277638048,0.67,0.95,0.00034,0.070159,-0.019973
36,"ALMB","ALM BRAND A/S",-0.617676483045887,0.67,0.95,0.002154,1.185703,-0.043286
135,"AMD","ADVANCED MICRO DEVICES INC.",1.30202070868308,0.33,0.95,0.000336,0.080505,-0.026199
139,"APP","APPLOVIN CORPORATION",0.424490224958373,0.33,0.95,0.000336,0.372729,0.221494
88,"APPS","DIGITAL TURBINE INC.",-0.875587859155714,0.33,0.95,0.00034,1.722054,0.348395
130,"APTV","APTIV PLC",0.575042624083707,0.33,0.67,0.000336,0.200126,-0.240074
49,"ASRNL","ASR NEDERLAND NV",-0.617676483045887,0.95,0.95,0.001354,0.389918,0.089688
119,"AV","ANTARES VISION SPA",NA,0.67,0.67,0.00034,0.715752,-0.072951
168,"AVGO","BROADCOM INC.",1.04200792973367,0.33,0.95,0.000209,1.926352,0.225999
48,"BANC","BANC OF CALIFORNIA INC.",-0.411356483045887,0.33,0.95,0.002159,0.669593,-0.021251
15,"BDGE","BRIDGE BANCORP INC.",-0.617676483045887,0.67,0.95,0.00055,1.14602,-0.012252
67,"BILL","BILL.COM HOLDINGS INC.",0.483082364232356,0.67,0.67,0.00034,9.967893,0.998833
77,"BKNG","BOOKING HOLDINGS INC.",-0.908529037681553,0.67,0.95,0.00034,0.109509,0.287456
56,"BMO","BANK OF MONTREAL",0.963901361570678,0.67,0.95,0.002159,0.273909,-0.04605
44,"BRKB","BERKSHIRE HATHAWAY INC.",0.216032439262395,0.33,0.33,0.002154,0.049547,0.078628
145,"BSY","BENTLEY SYSTEMS INC.",-0.0320305038018894,0.67,0.67,0.000336,0.636895,0.038111
79,"BSY","BENTLEY SYSTEMS INC.",-0.0320305038018894,0.67,0.67,0.00034,1.088031,0.019365
20,"BWIN","BRP GROUP INC.",-0.537036483045887,0.67,0.67,0.001362,0.287331,0.223344
1,"CABK","CAIXABANK SA",0.963901361570678,0.67,0.95,0.00055,0.354209,0.055117
2,"CADE","BANCORPSOUTH BANK",-0.617676483045887,0.67,0.95,0.00055,2.353654,0.077142
120,"CARG","CARGURUS INC.",-0.815192534407418,0.67,0.33,0.00034,0.147419,-0.128575
112,"CART","MAPLEBEAR INC.",0.193278702622855,0.67,0.67,0.00034,0.19084,0.179027
34,"CB","CHUBB LTD",0.479592439262395,0.67,0.67,0.002154,0.124602,-0.041057
87,"CDLX","CARDLYTICS INC.",-0.634832290065043,0.33,0.95,0.00034,2.4334,-0.032965
42,"CFG","CITIZENS FINANCIAL GROUP INC.",0.339632439262395,0.67,0.95,0.000864,0.38593,-0.013414
47,"COLB","COLUMBIA BANKING SYSTEM INC.",0.862923516954113,0.67,0.95,0.002159,2.369449,-0.03175
61,"CRM","SALESFORCE.COM INC.",0.388545695761767,0.67,0.95,0.00034,1.303407,0.105732
159,"CRTO","CRITEO SA",0.620687484798837,0.33,0.67,0.000336,0.123946,-0.092417
109,"CRWD","CROWDSTRIKE HOLDINGS INC.",0.262901455040804,0.67,0.95,0.00034,0.448288,0.492089
128,"DASH","DOORDASH INC.",-0.0846789798949325,0.67,0.67,0.000336,1.139162,0.204777
170,"DB1","DEUTSCHE BORSE AG",-0.776708343990778,0.67,0.67,0.000209,0.785492,0.123355
60,"DBK","DEUTSCHE BANK AG",0.963901361570678,0.67,0.67,0.001561,0.007466,-0.072752
28,"DNB","DNB BANK ASA",0.173112439262395,0.67,0.95,0.000864,0.113572,0.206357
110,"DND","DYE & DURHAM LTD",-0.905302868687262,0.33,0.95,0.00034,2.389105,0.194999
157,"DOCN","DIGITALOCEAN HOLDINGS INC.",0.779896232034007,0.67,0.67,0.000336,0.607299,0.092375
172,"EDEN","EDENRED SE",NA,0.67,0.67,0.000209,0.522939,0
16,"EFSC","ENTERPRISE FINANCIAL SERVICES CORPORATION",-0.617676483045887,0.33,0.95,0.00055,0.876223,0.117341
71,"EFX","EQUIFAX INC.",0.251126943466338,0.67,0.95,0.00034,0.370641,-0.07479
160,"EGHT","8X8 INC.",-0.00625418709374867,0.33,0.95,0.000336,0.39177,-0.00283
129,"ERIC.B","TELEFONAKTIEBOLAGET LM ERICSSON AB",0.155278761237591,0.33,0.67,0.000336,0.196905,-0.138232
25,"FCNCA","FIRST CITIZENS BANCSHARES INC.",-0.546596483045887,0.67,0.95,0.000864,0.388645,0.461448
134,"FDS","FACTSET RESEARCH SYSTEMS INC.",-0.656897094817484,0.33,0.95,0.000336,1.043987,-0.087873
106,"FFIV","F5 INC.",0.450542914723125,0.67,0.67,0.00034,0.192055,-0.069363
17,"FFWM","FIRST FOUNDATION INC.",-0.617676483045887,0.67,0.95,0.00055,0.928634,0.158186
26,"FIBK","FIRST INTERSTATE BANCSYSTEM INC.",-0.367676483045887,0.67,0.95,0.000864,1.645853,-0.063005
24,"FLG","NEW YORK COMMUNITY BANCORP INC.",-0.617676483045887,0.67,0.95,0.000864,1.111586,0.46713
179,"FOUR","SHIFT4 PAYMENTS INC.",-0.330035277638048,0.33,0.95,0.000209,0.224189,0.162464
173,"FTV","FORTIVE CORPORATION",-1.20352795157743,0.33,0.67,0.000209,0.197847,-0.281436
74,"FTV","FORTIVE CORPORATION",-1.20352795157743,0.67,0.67,0.00034,0.271186,-0.034501
83,"FUTR","FUTURE PLC",-1.03979820536968,0.67,0.67,0.00034,0.991128,-0.029324
122,"GN","GN STORE NORD A/S",-0.297914131958585,0.67,0.67,0.000636,0.461941,-0.078519
102,"HEXA.B","HEXAGON AB",0.73596221362274,0.33,0.95,0.00034,0.549224,-0.03888
153,"HEXA.B","HEXAGON AB",0.73596221362274,0.67,0.67,0.000336,0.220773,-0.034649
12,"HLI","HOULIHAN LOKEY INC.",-0.617676483045887,0.67,0.95,0.000838,0.396804,-0.153157
30,"HOMB","HOME BANCSHARES INC.",-0.523796483045887,0.67,0.95,0.000864,0.872941,0
111,"HPE","HEWLETT PACKARD ENTERPRISE COMPANY",0.886965002954372,0.67,0.67,0.00034,0.013461,-0.084843
121,"HPQ","HP INC.",-0.43163190119571,0.67,0.95,0.000636,0.052456,-0.148753
70,"IBM","INTERNATIONAL BUSINESS MACHINES CORPORATION",0.849265144805256,0.33,0.95,0.00034,0.034873,-0.0703
169,"IBM","INTERNATIONAL BUSINESS MACHINES CORPORATION",0.849265144805256,0.33,0.67,0.000209,0.074361,-0.064655
187,"ICE","INTERCONTINENTAL EXCHANGE INC.",-0.722297094817484,0.33,0.95,0.000209,1.63996,0.000851
63,"INTU","INTUIT INC.",NA,0.67,0.95,0.00034,1.245718,0.112419
154,"JPM","JP MORGAN",0.253126943466338,0.67,0.67,0.000336,0.002995,0.16138
97,"JTKWY","JUST EAT TAKEAWAY.COM NV",-0.615497094817484,0.67,0.67,0.00034,1.373073,-0.260978
29,"KBC","KBC GROEP NV/ KBC GROUPE SA",0.963901361570678,0.67,0.95,0.000864,0.083812,-0.136211
45,"LMND","LEMONADE INC.",3.36278136157068,0.67,0.95,0.002154,0.564862,0.251207
62,"LSEG","LONDON STOCK EXCHANGE GROUP PLC",-0.298995984265291,0.67,0.95,0.00034,3.003166,-0.032156
84,"LSPD","LIGHTSPEED COMMERCE INC.",NA,0.67,0.67,0.00034,3.515248,0.706238
73,"MGNI","MAGNITE INC.",-0.979936902730956,0.33,0.95,0.00034,3.629276,0.04135
163,"MITK","MITEK SYSTEMS INC.",0.40938075855278,0.33,0.95,0.000336,0.898125,0.018686
147,"MORN","MORNINGSTAR INC.",-0.659697094817484,0.33,0.95,0.000336,0.347482,-0.078102
6,"MS","MORGAN STANLEY",0.963901361570678,0.67,0.67,0.000838,0.114527,0.012252
177,"MSCI","MSCI INC.",-1.26808704973462,0.33,0.95,0.000209,0.275612,-0.000851
101,"MSFT","MICROSOFT CORPORATION",0.6029393893648,0.67,0.67,0.00034,0.044619,0.01396
184,"MSFT","MICROSOFT CORPORATION",0.6029393893648,0.67,0.67,0.000209,0.324187,0.043486
126,"MSFT","MICROSOFT CORPORATION",0.6029393893648,0.67,0.67,0.000336,0.099359,0.040448
140,"MSFT","MICROSOFT CORPORATION",0.6029393893648,0.33,0.95,0.000336,0.005044,0.040448
21,"MTB","M&T BANK CORPORATION",-0.442036483045887,0.67,0.95,0.000864,0.873859,0.069515
185,"NDAQ","NASDAQ INC.",-0.156235984265291,0.67,0.95,0.000209,2.695764,0.046717
19,"NN","NN GROUP NV",0.523392439262395,0.33,0.33,0.001362,0.015777,-0.279063
114,"NOW","SERVICENOW INC.",0.646841987924273,0.33,0.95,0.00034,0.039009,0.124641
176,"NSIT","INSIGHT ENTERPRISES INC.",0.209644722361952,0.33,0.95,0.000209,0.087185,-0.161472
156,"NTAP","NETAPP INC.",-0.183017984766182,0.33,0.95,0.000336,0.056143,-0.075409
22,"ONB","OLD NATIONAL BANCORP",-0.480876483045887,0.67,0.95,0.000864,3.505969,0.081837
82,"OTEX","OPEN TEXT CORPORATION",0.375522864344324,0.33,0.95,0.00034,0.253978,0.042012
57,"OTP","OTP BANK NYRT",0.963901361570678,0.67,0.95,0.002159,0.090491,-0.041607
104,"PAR","PAR TECHNOLOGY CORPORATION",-0.213431703234877,0.67,0.67,0.00034,1.767559,0.103562
59,"PB","PROSPERITY BANCSHARES INC.",-0.309796483045887,0.67,0.95,0.002159,0.210463,-0.07102
105,"PCOR","PROCORE TECHNOLOGIES INC.",0.433685590896438,0.67,0.67,0.00034,0.971211,0.249559
14,"PNC","PNC FINANCIAL SERVICES GROUP INC., THE",0.173112439262395,0.67,0.95,0.00055,0.588892,0.029947
192,"PRGS","PROGRESS SOFTWARE CORPORATION",0.788009055761605,0.33,0.95,0.000209,0.511204,0.07711
72,"PRX","PROSUS NV",1.12724401573471,0.67,0.33,0.00034,0.351837,-0.125522
155,"PSFE","PAYSAFE LTD",-1.00763749874243,0.67,0.95,0.000336,0.294759,-0.113466
86,"PTC","PTC INC.",-0.603081944992193,0.67,0.67,0.00034,0.395649,-0.031641
171,"PTC","PTC INC.",-0.603081944992193,0.67,0.67,0.000209,0.708137,0.033384
54,"RAT","RATHBONES GROUP PLC",-0.617676483045887,0.67,0.95,0.001561,1.227461,0.157937
3,"RF","REGIONS FINANCIAL CORPORATION",-0.591236483045887,0.33,0.95,0.00055,0.15186,-0.063299
46,"RILY","B RILEY FINANCIAL INC.",-0.592276483045887,0.33,0.95,0.000889,0.161937,-0.300028
55,"RITM","RITHM CAPITAL CORPORATION",-0.596596483045887,0.67,0.67,0.001561,0.194966,0.02599
11,"RITM","NEW RESIDENTIAL INVESTMENT CORPORATION",-0.596596483045887,0.67,0.95,0.000838,0.474083,-0.220046
43,"RJF","RAYMOND JAMES FINANCIAL INC.",0.173112439262395,0.67,0.33,0.000864,0.097276,-0.03216
50,"RNR","RENAISSANCERE HOLDINGS LTD",0.243152439262395,0.33,0.95,0.001354,0.391369,0.071816
69,"ROK","ROCKWELL AUTOMATION INC.",1.1524642517605,0.67,0.67,0.00034,0.317261,0.028886
188,"ROP","ROPER TECHNOLOGIES INC.",-0.243207116197954,0.67,0.95,0.000209,0.226618,0.021488
151,"S","SENTINELONE INC.",2.02892933960073,0.33,0.95,0.000336,2.908925,0.670105
78,"SAP","SAP SE",0.874352194708054,0.67,0.67,0.00034,0.036088,-0.096464
58,"SBCF","SEACOAST BANKING CORPORATION OF FLORIDA",0.173112439262395,0.33,0.95,0.002159,0.636093,-0.010557
40,"SDR","SCHRODERS PLC",0.173112439262395,0.67,0.67,0.000889,0.17432,-0.150572
32,"SFNC","SIMMONS FIRST NATIONAL CORPORATION",-0.617676483045887,0.33,0.95,0.000864,0.563093,0.008292
133,"SHOP","SHOPIFY INC.",NA,0.33,0.95,0.000336,0.375009,0.187822
137,"SIE","SIEMENS AG",0.961774305793031,0.33,0.67,0.000336,0.024035,-0.04416
75,"SINCH","SINCH AB",-0.526792017672078,0.67,0.67,0.00034,0.689238,0.090038
35,"SLF","SUN LIFE FINANCIAL INC.",0.173112439262395,0.67,0.67,0.002154,0.116555,-0.109359
181,"SOP","SOPRA STERIA GROUP SA",0.0465647223619517,0.67,0.95,0.000209,0.093631,-0.070576
125,"SPGI","S&P GLOBAL INC.",0.651646943466338,0.67,0.95,0.000336,3.475207,-0.05367
107,"STC","SANGOMA TECHNOLOGIES CORPORATION",-0.975216590236398,0.33,0.95,0.00034,3.577978,0.281605
31,"STEL","CBTX INC.",-0.602316483045887,0.67,0.95,0.000864,2.362944,0.168735
65,"SWKS","SKYWORKS SOLUTIONS INC.",-0.306256631245499,0.33,0.95,0.00034,0.538255,-0.142379
18,"SYBT","STOCK YARDS BANCORP INC.",-0.617676483045887,0.33,0.95,0.00055,0.779789,0.101897
96,"SYNA","SYNAPTICS INC.",-0.455447144708903,0.33,0.95,0.00034,0.401677,-0.103098
53,"TD","TORONTO-DOMINION BANK, THE",0.963901361570678,0.67,0.67,0.001561,0.017237,-0.037847
174,"TEAM","ATLASSIAN CORPORATION",1.83797033807863,0.67,0.67,0.000209,0.275841,0.105175
194,"TENB","TENABLE HOLDINGS INC.",0.0231184483315389,0.33,0.95,0.000209,0.331785,0.009085
197,"TRI","THOMSON REUTERS CORPORATION",NA,0.67,0.67,0.000209,0.073594,-0.060527
178,"TRI","THOMSON REUTERS CORPORATION",NA,0.67,0.67,0.000662,0.095673,-0.060527
186,"TRMB","TRIMBLE INC.",0.560778294354965,0.67,0.67,0.000209,0.535492,-0.137742
127,"TTWO","TAKE TWO INTERACTIVE SOFTWARE INC.",-0.322234383394529,0.67,0.67,0.000336,3.623602,0.164016
68,"TYL","TYLER TECHNOLOGIES INC.",-0.863261163062204,0.67,0.67,0.00034,1.444463,-0.001729
33,"UCB","UNITED COMMUNITY BANKS INC.",-0.617676483045887,0.67,0.95,0.000864,0.52763,0.076102
94,"UPBD","UPBOUND GROUP INC.",-1.01275820536968,0.67,0.67,0.00034,0.359991,-0.308971
41,"USB","US BANCORP",0.173112439262395,0.67,0.95,0.000864,0.29196,0.067574
27,"VLY","VALLEY NATIONAL BANCORP",-0.598396483045887,0.67,0.95,0.000864,0.558742,0.099886
180,"VOYA","VOYA FINANCIAL INC.",-0.367275277638048,0.67,0.67,0.000209,0.077572,-0.058479
166,"VRSK","VERISK ANALYTICS INC.",-0.229200977221912,0.67,0.95,0.000336,0.10012,0.00283
23,"WBS","WEBSTER FINANCIAL CORPORATION",-0.609156483045887,0.67,0.95,0.000864,1.876724,0.057351
164,"WK","WORKIVA INC.",0.126182663042152,0.67,0.67,0.000336,0.185917,0.100447
167,"WNS","WNS (HOLDINGS) LTD",1.59060694346634,0.67,0.67,0.000336,0.148675,0.020542
146,"ZBRA","ZEBRA TECHNOLOGIES CORPORATION",0.327298402741055,0.67,0.95,0.000336,0.120254,-0.143212
