"Deal_ID","AI_CAP","CULT","STRUCT","SIZE","DYN","OUT"
136,0.0010132977408141,0.67,0.33,0.9725524643201,0.497398928959457,0.000109163322276729
76,0.983936524996531,0.67,0.67,0.0303411052408257,0.461062581948536,0.499
80,0.5862128741664,0.67,0.67,0.216784262893819,0.461062581948536,0.804368835015188
124,0.311564410582058,0.33,0.95,0.670675574122092,0.497398928959457,0.00627863140354361
115,0.0456127065358472,0.67,0.67,0.546254051039618,0.461062581948536,0
52,0.928678197844887,0.67,0.95,0.0213872852678145,0.502184288017853,0.899528560347589
4,0.928678197844887,0.67,0.95,0.660867694088724,0.314249123138917,0.00388106253855918
51,0.928678197844887,0.67,0.95,0.0336512288119983,0.502184288017853,0.899528560347589
142,0.00414958449382606,0.33,0.95,0.18803315056338,0.944778205177169,0.296708716468894
5,0.736087698041927,0.33,0.67,0.0297500818089966,0.314249123138917,0.00060249822963795
85,0.144647391244145,0.67,0.95,0.0268351216528985,0.461062581948536,0.305116945467159
36,0.0469671261767974,0.67,0.95,0.990982547608383,0.481800382447473,0.14384294835712
135,0.999132277080534,0.33,0.95,0.0302473477804159,0.944778205177169,0.253579871383674
139,0.914268374059551,0.33,0.95,0.501506815500105,0.944778205177169,0.999583225290888
88,0.0132906796923511,0.33,0.95,0.999588803141771,0.461062581948536,1
130,0.959695039730595,0.33,0.67,0.114753640290352,0.944778205177169,0
49,0.0469671261767974,0.95,0.95,0.52629167593364,0.502184288017853,0.958961178651902
168,0.996534856177846,0.33,0.95,0.99987354430057,0.0500000000000001,0.999644218632108
48,0.122114347975988,0.33,0.95,0.84811588170329,1,0.294067077800248
15,0.0469671261767974,0.67,0.95,0.988687107605531,0.999749452151132,0.376394289106187
67,0.935806551460867,0.67,0.67,1,0.461062581948536,1
77,0.0112844255271573,0.67,0.95,0.0421996713554641,0.461062581948536,1
56,0.994752853182388,0.67,0.95,0.237867925418835,1,0.130376853821136
44,0.7781162726264,0.33,0.33,0.0211175283888323,0.481800382447473,0.940627789088377
145,0.483801101084297,0.67,0.67,0.822170924739894,0.944778205177169,0.79234046195701
79,0.483801101084297,0.67,0.67,0.984259452653362,0.461062581948536,0.663832523641419
20,0.068840421438345,0.67,0.67,0.268045213592689,0.314249123138917,0.999609444800636
1,0.994752853182388,0.67,0.95,0.448157022153954,0.999749452151132,0.873980833094037
2,0.0469671261767974,0.67,0.95,1,0.999749452151132,0.937643870121369
120,0.0179233170973626,0.67,0.33,0.0647209111564389,0.461062581948536,0.00497508482167892
112,0.756451993295336,0.67,0.67,0.103989292944517,0.461062581948536,0.99814941569047
34,0.934678898022318,0.67,0.67,0.05009285188102,0.481800382447473,0.155528891340029
87,0.0432525608691795,0.33,0.95,1,0.461062581948536,0.204496652045178
42,0.871486075606062,0.67,0.95,0.520548431107348,1,0.36522318853312
47,0.991040714565382,0.67,0.95,1,1,0.21276213035027
61,0.89799369014036,0.67,0.95,0.995409067000979,0.461062581948536,0.976225124616436
159,0.968129004041658,0.33,0.67,0.0497224217495954,0.944778205177169,0.0217038113346343
109,0.818286555417684,0.67,0.95,0.608794744479851,0.461062581948536,1
128,0.418337292869346,0.67,0.67,0.988235586153843,0.944778205177169,0.999250361245292
170,0.021667868615842,0.67,0.67,0.915985731126268,0.0500000000000001,0.987058323623432
60,0.994752853182388,0.67,0.67,0.0129012428271611,1,0.0475177457805862
28,0.736087698041927,0.67,0.95,0.0441992753324428,1,0.999290815248661
110,0.0114668959491815,0.33,0.95,1,0.461062581948536,0.99894335940407
157,0.986116749401299,0.67,0.67,0.795801977446309,0.944778205177169,0.962519884214286
16,0.0469671261767974,0.33,0.95,0.948476915967346,0.999749452151132,0.984061718143803
71,0.808758193717004,0.67,0.95,0.496891818002306,0.461062581948536,0.043857959941303
160,0.517183701524059,0.33,0.95,0.528956528468612,0.944778205177169,0.470878299791771
129,0.717193915167938,0.33,0.67,0.110914185346236,0.944778205177169,0.00334722257954679
25,0.0658215871828283,0.67,0.95,0.524459071310938,1,1
134,0.0388862034081193,0.33,0.95,0.979794186747976,0.944778205177169,0.0260567749522765
106,0.92455444469666,0.67,0.67,0.105345224209022,0.461062581948536,0.0542531360560041
17,0.0469671261767974,0.67,0.95,0.961410070454127,0.999749452151132,0.996158790941373
26,0.147684427677469,0.67,0.95,0.999361722701439,1,0.0693760640030213
24,0.0469671261767974,0.67,0.95,0.98623327661646,1,1
179,0.173134889578526,0.33,0.95,0.147227395909446,0.0500000000000001,0.996693107260041
173,0.00258196779317846,0.33,0.67,0.112025273209355,0.0500000000000001,0
74,0.00258196779317846,0.67,0.67,0.232039228355202,0.461062581948536,0.194392236745453
83,0.00586323171886933,0.67,0.67,0.972779937644011,0.461062581948536,0.229986943176445
122,0.197495124399805,0.67,0.67,0.627398186166012,0.497398928959457,0.0378472434927853
102,0.982513612957965,0.33,0.95,0.735941169982413,0.461062581948536,0.167678673846666
153,0.982513612957965,0.67,0.67,0.142192808002798,0.944778205177169,0.193438921977279
12,0.0469671261767974,0.67,0.95,0.536191206359407,0.941016050185202,0.00181237755936651
30,0.0732332894883347,0.67,0.95,0.947543057129405,1,0.499
111,0.992110745661129,0.67,0.67,0.0138427716776553,0.461062581948536,0.0294201231529505
121,0.111597187215611,0.67,0.95,0.0218456603022689,0.497398928959457,0.00217224074004286
70,0.99036998635863,0.33,0.95,0.0177919103432984,0.461062581948536,0.0523057265484723
169,0.99036998635863,0.33,0.67,0.0281733541265985,0.0500000000000001,0.0651126838497206
187,0.0282949537003208,0.33,0.95,0.999339648320659,0.0500000000000001,0.507474756470816
154,0.810403155663408,0.67,0.67,0.0122404758382311,0.944778205177169,0.996565165623372
97,0.0474601871638534,0.67,0.67,0.996924692148811,0.461062581948536,0
29,0.994752853182388,0.67,0.95,0.0314241583765207,1,0.00363686388108206
45,1,0.67,0.95,0.753108521817786,0.481800382447473,0.999853239521173
62,0.196634203243268,0.67,0.95,1,0.461062581948536,0.209973337264867
73,0.00790664215920821,0.33,0.95,1,0.461062581948536,0.810444153150802
163,0.907735131700425,0.33,0.95,0.954317162194299,0.944778205177169,0.658487815523264
147,0.038363305432489,0.33,0.95,0.428436996116257,0.944778205177169,0.0384779806017704
6,0.994752853182388,0.67,0.67,0.0446822338813399,0.941016050185202,0.605991558785508
177,0.0018674642929526,0.33,0.95,0.241564098645234,0.0500000000000001,0.491233885158177
101,0.965074159416286,0.67,0.67,0.0199378665887028,0.461062581948536,0.620225873049326
184,0.965074159416286,0.67,0.67,0.362241452347933,0.0500000000000001,0.821706256164193
126,0.965074159416286,0.67,0.67,0.0375755426758387,0.944778205177169,0.805527335387001
140,0.965074159416286,0.33,0.95,0.0125390424064567,0.944778205177169,0.805527335387001
21,0.106513730329659,0.67,0.95,0.947805863322904,1,0.920012826103505
185,0.334147957679502,0.67,0.95,1,0.0500000000000001,0.837735802425507
19,0.947577508574276,0.33,0.33,0.0142243767312749,0.314249123138917,0
114,0.972164435767271,0.33,0.95,0.0186734213335296,0.461062581948536,0.987623010298796
176,0.772176551040247,0.33,0.95,0.0326700431633071,0.0500000000000001,0.00128726591286354
156,0.304877498290536,0.33,0.95,0.0228038709421226,0.944778205177169,0.0428006644419085
22,0.0893014128840271,0.67,0.95,1,1,0.946620656893205
82,0.891450920268666,0.33,0.95,0.197536894922929,0.461062581948536,0.813991746748446
57,0.994752853182388,0.67,0.95,0.0339374226001167,1,0.152575338587886
104,0.273460147837603,0.67,0.67,0.999683774672061,0.461062581948536,0.974389717510149
59,0.188194646626857,0.67,0.95,0.127864226856467,1,0.0508543841357154
105,0.918036429303863,0.67,0.67,0.9695639195433,0.461062581948536,0.99984449183421
14,0.736087698041927,0.67,0.95,0.777990099450262,0.999749452151132,0.741204042181091
192,0.986697031016521,0.33,0.95,0.691145278306271,0.0500000000000001,0.937578098189632
72,0.997798226823962,0.67,0.33,0.44118164709721,0.461062581948536,0.00563830700480191
155,0.0068854990943731,0.67,0.95,0.28575243935103,0.944778205177169,0.00923283970274899
86,0.0503640379109603,0.67,0.67,0.534532518192808,0.461062581948536,0.213515431872426
171,0.0503640379109603,0.67,0.67,0.874618186657232,0.0500000000000001,0.763686946716699
54,0.0469671261767974,0.67,0.95,0.992900560860528,1,0.996125167493201
3,0.0532908602475059,0.33,0.95,0.0679969513794748,0.999749452151132,0.068597941182356
46,0.0530275942631657,0.33,0.95,0.0760078281728278,0.95,0
55,0.0519471171793992,0.67,0.67,0.108657471547118,1,0.713654626277315
11,0.0519471171793992,0.67,0.95,0.64363354478288,0.941016050185202,0.000115321986309743
43,0.736087698041927,0.67,0.33,0.0366886782107239,1,0.209945995457496
50,0.802091067596389,0.33,0.95,0.528379662192938,0.502184288017853,0.925764035487005
69,0.99807488957341,0.67,0.67,0.34341110780185,0.461062581948536,0.733988937974213
188,0.244736123500283,0.67,0.95,0.150896371870907,0.0500000000000001,0.680270554080604
151,1,0.33,0.95,1,0.944778205177169,1
78,0.991566216952049,0.67,0.67,0.0180465388665964,0.461062581948536,0.0184314468718334
58,0.736087698041927,0.33,0.95,0.821492959101371,1,0.392925042252266
40,0.736087698041927,0.67,0.67,0.0870340316643354,0.95,0.00201568416022784
32,0.0469671261767974,0.33,0.95,0.751204671993934,1,0.572327277405714
137,0.994693284936462,0.33,0.67,0.0156713144810256,0.944778205177169,0.139464161619889
75,0.0722173485328906,0.67,0.67,0.862156171579305,0.461062581948536,0.959442432240669
35,0.736087698041927,0.67,0.67,0.0457245585912588,0.481800382447473,0.0109168447788357
181,0.5867546718957,0.67,0.95,0.0351850053736403,0.0500000000000001,0.0517448099733515
125,0.972849825011072,0.67,0.95,1,0.944778205177169,0.0987104120389043
107,0.00809505251312052,0.33,0.95,1,0.461062581948536,1
31,0.0505484799046479,0.67,0.95,1,1,0.997345326957822
65,0.190929643721312,0.33,0.95,0.723452322810595,0.461062581948536,0.00282290660697096
18,0.0469671261767974,0.33,0.95,0.913417018187528,0.999749452151132,0.972888591568922
96,0.10026323425643,0.33,0.95,0.543180051040595,0.461062581948536,0.0140848880800699
53,0.994752853182388,0.67,0.67,0.0144702483362165,1,0.173703884690502
174,1,0.67,0.67,0.242064091971269,0.0500000000000001,0.975766628163542
194,0.556130656853691,0.33,0.95,0.383394493453401,0.0500000000000001,0.579133194204857
186,0.956646100988489,0.67,0.67,0.720249571441623,0.0500000000000001,0.00341526331477184
127,0.178823670742225,0.67,0.67,1,0.944778205177169,0.996868060373644
68,0.0141286955389556,0.67,0.67,0.997961342495223,0.461062581948536,0.482195350577484
33,0.0469671261767974,0.67,0.95,0.711013317335444,1,0.935472855784998
94,0.00671161213406864,0.67,0.67,0.46524049976953,0.461062581948536,0
41,0.736087698041927,0.67,0.95,0.278998102489993,1,0.914848087478802
27,0.0515030872671656,0.67,0.95,0.746480381177628,1,0.970961245118128
180,0.147938593555538,0.67,0.67,0.0292394409250396,0.0500000000000001,0.082428012148143
166,0.257989275200203,0.67,0.95,0.0379046586619386,0.944778205177169,0.524838687312714
23,0.0489227885647447,0.67,0.95,0.99983159609577,1,0.882375423090338
164,0.684676870151324,0.67,0.67,0.0986520884615509,0.944778205177169,0.971511894952858
167,0.999813791501853,0.67,0.67,0.0656322411807401,0.944778205177169,0.672998029471365
146,0.863934096330623,0.67,0.95,0.0476855983625163,0.944778205177169,0.00272791073671942
