nt,ticker,name,Sector,AIE_subst_per1000,AIE_z,AIE_floored,status,AIS_b,AIS_a_raw,AIS_a_z,aisa_status,has_RD,AIS_b_z,AIS_z,AI_CAP_raw,AIE_z_neutral,AI_CAP_neutralAIE,AI_CAP_z,AI_CAP,rob_w50_50,rob_w60_40_orig,rob_w30_70,rob_w40_60_neutralfloor,AI_CAP_rank_sector,AI_CAP_z_sector
LMND,LMND,LEMONADE INC.,Financial Services,0.2348908627454392,5.6634,False,scored_v5,3,,,,False,1.829035602617796,1.829035602617796,4.129654241047119,5.6634,4.129654241047119,5.392563234201014,3.362781361570678,3.746217801308898,4.129654241047119,2.9793449218324572,3.362781361570678,1,4.391163759194361
COLB,COLB,COLUMBIA BANKING SYSTEM INC.,Financial Services,0.2289726759273393,3.3677,False,scored_v5,1,,,,False,-0.8069274717431454,-0.8069274717431454,1.697849011302742,3.3677,1.697849011302742,2.217067731558469,0.8629235169541128,1.2803862641284274,1.697849011302742,0.4454607697797983,0.8629235169541128,9,1.1268096507546392
NN,NN,NN GROUP NV,Financial Services,0.0,0.5419,False,scored_v2_edgar,2,,,,False,0.5110540654373253,0.5110540654373253,0.5295616261749302,0.5419,0.5295616261749302,0.6914968133409131,0.5233924392623952,0.5264770327186628,0.5295616261749302,0.5203078458061278,0.5233924392623952,10,0.6834445726992001
PB,PB,PROSPERITY BANCSHARES INC.,Financial Services,0.0403979195071453,0.4359,False,scored_v5,1,,,,False,-0.8069274717431454,-0.8069274717431454,-0.0612309886972581,0.4359,-0.0612309886972581,-0.0799709294594707,-0.3097964830458872,-0.1855137358715727,-0.06123098869725818,-0.43407923022020173,-0.3097964830458872,24,-0.4045467654885442
CB,CB,CHUBB LTD,Financial Services,0.0425387102263059,0.4324,False,scored_v5,2,,,,False,0.5110540654373253,0.5110540654373253,0.4638616261749301,0.4324,0.4638616261749301,0.6057045582820876,0.4795924392623952,0.4717270327186627,0.46386162617493015,0.4874578458061277,0.4795924392623952,11,0.6262498365034743
AJG,AJG,ARTHUR J GALLAGHER & COMPANY,Financial Services,0.0397006570458741,0.3882,False,scored_v5,2,,,,False,0.5110540654373253,0.5110540654373253,0.4373416261749301,0.3882,0.4373416261749301,0.5710742598930456,0.4619124392623952,0.44962703271866267,0.4373416261749301,0.4741978458061277,0.4619124392623952,12,0.6031630114820034
FIBK,FIBK,FIRST INTERSTATE BANCSYSTEM INC.,Financial Services,0.0360867525531377,0.2912,False,scored_v5,1,,,,False,-0.8069274717431454,-0.8069274717431454,-0.1480509886972581,0.2912,-0.1480509886972581,-0.1933420646833249,-0.3676764830458872,-0.2578637358715727,-0.14805098869725816,-0.47748923022020173,-0.3676764830458872,25,-0.4801273894841743
BANC,BANC,BANC OF CALIFORNIA INC.,Financial Services,0.0359457322145652,0.182,False,scored_v5,1,,,,False,-0.8069274717431454,-0.8069274717431454,-0.2135709886972581,0.182,-0.2135709886972581,-0.2788992724680166,-0.41135648304588723,-0.3124637358715727,-0.21357098869725819,-0.5102492302202017,-0.41135648304588723,26,-0.5371654277725145
MTB,MTB,M&T BANK CORPORATION,Financial Services,0.0316947164907609,0.1053,False,scored_v5,1,,,,False,-0.8069274717431454,-0.8069274717431454,-0.2595909886972581,0.1053,-0.2595909886972581,-0.3389930255548834,-0.4420364830458872,-0.3508137358715727,-0.25959098869725816,-0.5332592302202017,-0.4420364830458872,27,-0.57722785942742
CFG,CFG,CITIZENS FINANCIAL GROUP INC.,Financial Services,0.0240396172892927,0.0825,False,scored_v5,2,,,,False,0.5110540654373253,0.5110540654373253,0.2539216261749301,0.0825,0.2539216261749301,0.3315610875507357,0.33963243926239517,0.2967770327186627,0.25392162617493014,0.3824878458061277,0.33963243926239517,13,0.443487843856128
ONB,ONB,OLD NATIONAL BANCORP,Financial Services,0.0246806935274881,0.0082,False,scored_v5,1,,,,False,-0.8069274717431454,-0.8069274717431454,-0.3178509886972582,0.0082,-0.3178509886972582,-0.4150699932828464,-0.4808764830458872,-0.3993637358715727,-0.3178509886972582,-0.5623892302202017,-0.4808764830458872,28,-0.627945748784543
HOMB,HOMB,HOME BANCSHARES INC.,Financial Services,0.0169402517321407,-0.0991,False,scored_v5,1,,,,False,-0.8069274717431454,-0.8069274717431454,-0.3822309886972582,-0.0991,-0.3822309886972582,-0.4991385683313576,-0.5237964830458872,-0.4530137358715727,-0.3822309886972582,-0.5945792302202018,-0.5237964830458872,29,-0.6839913669927746
BWIN,BWIN,BRP GROUP INC.,Financial Services,0.0,-0.1322,False,scored_v5,1,,,,False,-0.8069274717431454,-0.8069274717431454,-0.4020909886972582,-0.1322,-0.4020909886972582,-0.52507211757745,-0.5370364830458872,-0.4695637358715727,-0.4020909886972582,-0.6045092302202018,-0.5370364830458872,30,-0.7012803694409804
FCNCA,FCNCA,FIRST CITIZENS BANCSHARES INC.,Financial Services,0.0102630417603169,-0.1561,False,scored_v5,1,,,,False,-0.8069274717431454,-0.8069274717431454,-0.4164309886972581,-0.1561,-0.4164309886972581,-0.5437975504167735,-0.5465964830458871,-0.4815137358715727,-0.41643098869725814,-0.6116792302202018,-0.5465964830458871,31,-0.713763969396029
RNR,RNR,RENAISSANCERE HOLDINGS LTD,Financial Services,0.0101117346680823,-0.1587,False,scored_v5,2,,,,False,0.5110540654373253,0.5110540654373253,0.1092016261749301,-0.1587,0.1092016261749301,0.142583079147186,0.2431524392623952,0.17617703271866267,0.10920162617493015,0.31012784580612773,0.2431524392623952,14,0.317502726318146
BRKB,BRKB,BERKSHIRE HATHAWAY INC.,Financial Services,0.0,-0.2265,False,scored_v5,2,,,,False,0.5110540654373253,0.5110540654373253,0.0685216261749301,-0.2265,0.0685216261749301,0.0894623951929543,0.21603243926239518,0.14227703271866265,0.06852162617493016,0.2897878458061277,0.21603243926239518,15,0.2820889992490117
RF,RF,REGIONS FINANCIAL CORPORATION,Financial Services,0.0047756632202297,-0.2677,False,scored_v5,1,,,,False,-0.8069274717431454,-0.8069274717431454,-0.4833909886972581,-0.2677,-0.4833909886972581,-0.6312351363945353,-0.5912364830458872,-0.5373137358715727,-0.48339098869725816,-0.6451592302202017,-0.5912364830458872,32,-0.7720555909434536
RILY,RILY,B RILEY FINANCIAL INC.,Financial Services,0.0,-0.2703,False,scored_v5,1,,,,False,-0.8069274717431454,-0.8069274717431454,-0.4849509886972581,-0.2703,-0.4849509886972581,-0.6332722127703614,-0.5922764830458872,-0.5386137358715727,-0.48495098869725817,-0.6459392302202017,-0.5922764830458872,33,-0.7734136394741284
RITM,RITM,NEW RESIDENTIAL INVESTMENT CORPORATION,Financial Services,0.0,-0.2811,False,scored_v5,1,,,,False,-0.8069274717431454,-0.8069274717431454,-0.4914309886972582,-0.2811,-0.4914309886972582,-0.6417339146391771,-0.5965964830458872,-0.5440137358715726,-0.4914309886972582,-0.6491792302202017,-0.5965964830458872,34,-0.7790547641400082
VLY,VLY,VALLEY NATIONAL BANCORP,Financial Services,0.0,-0.2856,False,scored_v5,1,,,,False,-0.8069274717431454,-0.8069274717431454,-0.4941309886972582,-0.2856,-0.4941309886972582,-0.6452596237511836,-0.5983964830458872,-0.5462637358715727,-0.4941309886972582,-0.6505292302202017,-0.5983964830458872,35,-0.7814052327507914
STEL,STEL,CBTX INC.,Financial Services,0.0,-0.2954,False,scored_v5,1,,,,False,-0.8069274717431454,-0.8069274717431454,-0.5000109886972581,-0.2954,-0.5000109886972581,-0.6529378347062199,-0.6023164830458873,-0.5511637358715726,-0.5000109886972581,-0.6534692302202018,-0.6023164830458873,36,-0.7865240310587195
WBS,WBS,WEBSTER FINANCIAL CORPORATION,Financial Services,0.0,-0.3125,False,scored_v5,1,,,,False,-0.8069274717431454,-0.8069274717431454,-0.5102709886972582,-0.3125,-0.5102709886972582,-0.6663355293318448,-0.6091564830458872,-0.5597137358715727,-0.5102709886972582,-0.6585992302202017,-0.6091564830458872,37,-0.7954558117796957
ALL,ALL,"ALLSTATE CORPORATION, THE",Financial Services,0.0,-0.3338,False,scored_v5,2,,,,False,0.5110540654373253,0.5110540654373253,0.0041416261749301,-0.3338,0.0041416261749301,0.0053938201444432,0.1731124392623952,0.08862703271866268,0.004141626174930163,0.2575978458061277,0.1731124392623952,16,0.2260433810407801
MS,MS,MORGAN STANLEY,Financial Services,0.0,-0.3338,False,scored_v5,3,,,,False,1.829035602617796,1.829035602617796,0.5313342410471185,-0.3338,0.5313342410471185,0.6938115260842288,0.9639013615706776,0.7476178013088981,0.5313342410471185,1.1801849218324574,0.9639013615706776,2,1.25866812528563
FLG,FLG,NEW YORK COMMUNITY BANCORP INC.,Financial Services,0.0,-0.3338,False,scored_v5,1,,,,False,-0.8069274717431454,-0.8069274717431454,-0.5230509886972582,-0.3338,-0.5230509886972582,-0.6830238857953423,-0.6176764830458872,-0.5703637358715727,-0.5230509886972582,-0.6649892302202017,-0.6176764830458872,38,-0.8065813632040697
EFSC,EFSC,ENTERPRISE FINANCIAL SERVICES CORPORATION,Financial Services,0.0,-0.3338,False,scored_v5,1,,,,False,-0.8069274717431454,-0.8069274717431454,-0.5230509886972582,-0.3338,-0.5230509886972582,-0.6830238857953423,-0.6176764830458872,-0.5703637358715727,-0.5230509886972582,-0.6649892302202017,-0.6176764830458872,38,-0.8065813632040697
HLI,HLI,HOULIHAN LOKEY INC.,Financial Services,0.0,-0.3338,False,scored_v5,1,,,,False,-0.8069274717431454,-0.8069274717431454,-0.5230509886972582,-0.3338,-0.5230509886972582,-0.6830238857953423,-0.6176764830458872,-0.5703637358715727,-0.5230509886972582,-0.6649892302202017,-0.6176764830458872,38,-0.8065813632040697
UCB,UCB,UNITED COMMUNITY BANKS INC.,Financial Services,0.0,-0.3338,False,scored_v5,1,,,,False,-0.8069274717431454,-0.8069274717431454,-0.5230509886972582,-0.3338,-0.5230509886972582,-0.6830238857953423,-0.6176764830458872,-0.5703637358715727,-0.5230509886972582,-0.6649892302202017,-0.6176764830458872,38,-0.8065813632040697
SYBT,SYBT,STOCK YARDS BANCORP INC.,Financial Services,0.0,-0.3338,False,scored_v5,1,,,,False,-0.8069274717431454,-0.8069274717431454,-0.5230509886972582,-0.3338,-0.5230509886972582,-0.6830238857953423,-0.6176764830458872,-0.5703637358715727,-0.5230509886972582,-0.6649892302202017,-0.6176764830458872,38,-0.8065813632040697
SFNC,SFNC,SIMMONS FIRST NATIONAL CORPORATION,Financial Services,0.0,-0.3338,False,scored_v5,1,,,,False,-0.8069274717431454,-0.8069274717431454,-0.5230509886972582,-0.3338,-0.5230509886972582,-0.6830238857953423,-0.6176764830458872,-0.5703637358715727,-0.5230509886972582,-0.6649892302202017,-0.6176764830458872,38,-0.8065813632040697
SBCF,SBCF,SEACOAST BANKING CORPORATION OF FLORIDA,Financial Services,0.0,-0.3338,False,scored_v5,2,,,,False,0.5110540654373253,0.5110540654373253,0.0041416261749301,-0.3338,0.0041416261749301,0.0053938201444432,0.1731124392623952,0.08862703271866268,0.004141626174930163,0.2575978458061277,0.1731124392623952,16,0.2260433810407801
RJF,RJF,RAYMOND JAMES FINANCIAL INC.,Financial Services,0.0,-0.3338,False,scored_v5,2,,,,False,0.5110540654373253,0.5110540654373253,0.0041416261749301,-0.3338,0.0041416261749301,0.0053938201444432,0.1731124392623952,0.08862703271866268,0.004141626174930163,0.2575978458061277,0.1731124392623952,16,0.2260433810407801
PNC,PNC,"PNC FINANCIAL SERVICES GROUP INC., THE",Financial Services,0.0,-0.3338,False,scored_v5,2,,,,False,0.5110540654373253,0.5110540654373253,0.0041416261749301,-0.3338,0.0041416261749301,0.0053938201444432,0.1731124392623952,0.08862703271866268,0.004141626174930163,0.2575978458061277,0.1731124392623952,16,0.2260433810407801
USB,USB,US BANCORP,Financial Services,0.0,-0.3338,False,scored_v5,2,,,,False,0.5110540654373253,0.5110540654373253,0.0041416261749301,-0.3338,0.0041416261749301,0.0053938201444432,0.1731124392623952,0.08862703271866268,0.004141626174930163,0.2575978458061277,0.1731124392623952,16,0.2260433810407801
ALMB,ALMB,ALM BRAND A/S,Financial Services,0.0,-0.3338,True,floored_sector_reference_0.0,1,,,,False,-0.8069274717431454,-0.8069274717431454,-0.5230509886972582,0.0,-0.3227709886972582,-0.6830238857953423,-0.6176764830458872,-0.5703637358715727,-0.5230509886972582,-0.6649892302202017,-0.4841564830458872,38,-0.8065813632040697
ASRNL,ASRNL,ASR NEDERLAND NV,Financial Services,0.0,-0.3338,True,floored_sector_reference_0.0,1,,,,False,-0.8069274717431454,-0.8069274717431454,-0.5230509886972582,0.0,-0.3227709886972582,-0.6830238857953423,-0.6176764830458872,-0.5703637358715727,-0.5230509886972582,-0.6649892302202017,-0.4841564830458872,38,-0.8065813632040697
BDGE,BDGE,BRIDGE BANCORP INC.,Financial Services,0.0,-0.3338,True,floored_sector_reference_0.0,1,,,,False,-0.8069274717431454,-0.8069274717431454,-0.5230509886972582,0.0,-0.3227709886972582,-0.6830238857953423,-0.6176764830458872,-0.5703637358715727,-0.5230509886972582,-0.6649892302202017,-0.4841564830458872,38,-0.8065813632040697
BMO,BMO,BANK OF MONTREAL,Financial Services,0.0,-0.3338,True,floored_sector_reference_0.0,3,,,,False,1.829035602617796,1.829035602617796,0.5313342410471185,0.0,0.7316142410471185,0.6938115260842288,0.9639013615706776,0.7476178013088981,0.5313342410471185,1.1801849218324574,1.0974213615706776,2,1.25866812528563
CABK,CABK,CABK,Financial Services,0.0,-0.3338,True,floored_sector_reference_0.0,3,,,,False,1.829035602617796,1.829035602617796,0.5313342410471185,0.0,0.7316142410471185,0.6938115260842288,0.9639013615706776,0.7476178013088981,0.5313342410471185,1.1801849218324574,1.0974213615706776,2,1.25866812528563
CADE,CADE,BANCORPSOUTH BANK,Financial Services,0.0,-0.3338,True,floored_sector_reference_0.0,1,,,,False,-0.8069274717431454,-0.8069274717431454,-0.5230509886972582,0.0,-0.3227709886972582,-0.6830238857953423,-0.6176764830458872,-0.5703637358715727,-0.5230509886972582,-0.6649892302202017,-0.4841564830458872,38,-0.8065813632040697
DBK,DBK,DEUTSCHE BANK AG,Financial Services,0.0,-0.3338,True,floored_sector_reference_0.0,3,,,,False,1.829035602617796,1.829035602617796,0.5313342410471185,0.0,0.7316142410471185,0.6938115260842288,0.9639013615706776,0.7476178013088981,0.5313342410471185,1.1801849218324574,1.0974213615706776,2,1.25866812528563
DNB,DNB,DNB BANK ASA,Financial Services,0.0,-0.3338,True,floored_sector_reference_0.0,2,,,,False,0.5110540654373253,0.5110540654373253,0.0041416261749301,0.0,0.2044216261749301,0.0053938201444432,0.1731124392623952,0.08862703271866268,0.004141626174930163,0.2575978458061277,0.3066324392623952,16,0.2260433810407801
FFWM,FFWM,FIRST FOUNDATION INC.,Financial Services,0.0,-0.3338,True,floored_sector_reference_0.0,1,,,,False,-0.8069274717431454,-0.8069274717431454,-0.5230509886972582,0.0,-0.3227709886972582,-0.6830238857953423,-0.6176764830458872,-0.5703637358715727,-0.5230509886972582,-0.6649892302202017,-0.4841564830458872,38,-0.8065813632040697
KBC,KBC,KBC GROEP NV/ KBC GROUPE SA,Financial Services,0.0,-0.3338,True,floored_sector_reference_0.0,3,,,,False,1.829035602617796,1.829035602617796,0.5313342410471185,0.0,0.7316142410471185,0.6938115260842288,0.9639013615706776,0.7476178013088981,0.5313342410471185,1.1801849218324574,1.0974213615706776,2,1.25866812528563
OTP,OTP,OTP BANK NYRT,Financial Services,0.0,-0.3338,True,floored_sector_reference_0.0,3,,,,False,1.829035602617796,1.829035602617796,0.5313342410471185,0.0,0.7316142410471185,0.6938115260842288,0.9639013615706776,0.7476178013088981,0.5313342410471185,1.1801849218324574,1.0974213615706776,2,1.25866812528563
RAT,RAT,RATHBONES GROUP PLC,Financial Services,0.0,-0.3338,True,floored_sector_reference_0.0,1,,,,False,-0.8069274717431454,-0.8069274717431454,-0.5230509886972582,0.0,-0.3227709886972582,-0.6830238857953423,-0.6176764830458872,-0.5703637358715727,-0.5230509886972582,-0.6649892302202017,-0.4841564830458872,38,-0.8065813632040697
SDR,SDR,SCHRODERS PLC,Financial Services,0.0,-0.3338,True,floored_sector_reference_0.0,2,,,,False,0.5110540654373253,0.5110540654373253,0.0041416261749301,0.0,0.2044216261749301,0.0053938201444432,0.1731124392623952,0.08862703271866268,0.004141626174930163,0.2575978458061277,0.3066324392623952,16,0.2260433810407801
SLF,SLF,SUN LIFE FINANCIAL INC.,Financial Services,0.0,-0.3338,True,floored_sector_reference_0.0,2,,,,False,0.5110540654373253,0.5110540654373253,0.0041416261749301,0.0,0.2044216261749301,0.0053938201444432,0.1731124392623952,0.08862703271866268,0.004141626174930163,0.2575978458061277,0.3066324392623952,16,0.2260433810407801
TD,TD,"TORONTO-DOMINION BANK, THE",Financial Services,0.0,-0.3338,True,floored_sector_reference_0.0,3,,,,False,1.829035602617796,1.829035602617796,0.5313342410471185,0.0,0.7316142410471185,0.6938115260842288,0.9639013615706776,0.7476178013088981,0.5313342410471185,1.1801849218324574,1.0974213615706776,2,1.25866812528563
PRX,PRX,Prosus N.V.,Technology,1.0817,3.0267,False,scored_v5,3,0.0,-1.1899315199948666,computed,True,0.9118115724438968,-0.1390599737754849,1.760396010489806,3.0267,1.760396010489806,2.1761527874931508,1.127244015734709,1.4438200131122576,1.760396010489806,0.8106680183571605,1.127244015734709,6,1.4820562040995402
ROK,ROK,ROCKWELL AUTOMATION INC.,Technology,0.8956216893983981,2.7093,False,scored_v5,3,0.0585968256513847,-0.6826640665755671,computed,True,0.9118115724438968,0.1145737529341648,1.6714095011736658,2.7093,1.6714095011736658,2.0658643645523056,1.1524642517604988,1.4119368764670823,1.6714095011736658,0.8929916270539152,1.1524642517604988,5,1.5154172146291918
WNS,WNS,WNS (HOLDINGS) LTD,Technology,0.9341,2.6088,False,scored_batch3_upload,3,,,AIS-b only (no R&D line reported),False,0.9118115724438968,0.9118115724438968,1.9300046289775588,2.6088,1.9300046289775588,2.386362932760606,1.5906069434663381,1.7603057862219484,1.9300046289775588,1.4209081007107276,1.5906069434663381,3,2.0949868481782774
SIE,SIE,Siemens AG,Technology,0.7495,2.096,False,scored_v5,3,0.0796320654109518,-0.5005638864671271,computed,True,0.9118115724438968,0.2056238429883848,1.339849537195354,2.096,1.339849537195354,1.6549343728208643,0.9617743057930309,1.1508119214941925,1.339849537195354,0.7727366900918694,0.9617743057930309,8,1.2631749561184413
HPE,HPE,HEWLETT PACKARD ENTERPRISE COMPANY,Technology,0.8204812635411459,1.9618,False,scored_v5,3,0.071496251543753,-0.5709948959293236,computed,True,0.9118115724438968,0.1704083382572865,1.2452433353029146,1.9618,1.2452433353029146,1.537680994895096,0.886965002954372,1.0661041691286433,1.2452433353029144,0.7078258367801005,0.886965002954372,9,1.164218152654575
AMD,AMD,ADVANCED MICRO DEVICES INC.,Technology,0.8213699021498464,1.9347,False,scored_v5,3,0.235486905428857,0.8486574564997137,computed,True,0.9118115724438968,0.8802345144718052,1.512913805788722,1.9347,1.512913805788722,1.869427394260367,1.3020207086830833,1.4074672572359026,1.5129138057887221,1.1965741601302637,1.3020207086830833,4,1.7132486119670165
AVGO,AVGO,BROADCOM INC.,Technology,0.7902525934653295,1.7515,False,scored_v5,3,0.1635856626837557,0.2262148600016809,computed,True,0.9118115724438968,0.5690132162227888,1.2785052864891155,1.7515,1.2785052864891155,1.57890531269847,1.0420079297336733,1.1602566081113945,1.2785052864891155,0.923759251355952,1.0420079297336733,7,1.3693069832088605
IBM,IBM,INTERNATIONAL BUSINESS MACHINES CORPORATION,Technology,0.5840695042710083,1.6123,False,scored_v5,3,0.1108097942695244,-0.2306610897597121,computed,True,0.9118115724438968,0.3405752413420923,1.103610096536837,1.6123,1.103610096536837,1.3621430772988428,0.8492651448052555,0.9764376206710462,1.103610096536837,0.7220926689394647,0.8492651448052555,11,1.1143492551790342
S,S,SENTINELONE INC.,Technology,0.4307471411722476,1.529,False,scored_v5,3,0.5778679697363448,3.812619559558525,computed,True,0.9118115724438968,2.3622155660012107,1.862286226400484,1.529,1.862286226400484,2.3024338531541075,2.0289293396007264,1.9456077830006053,1.8622862264004842,2.1122508962008473,2.0289293396007264,1,2.674794192481811
TEAM,TEAM,ATLASSIAN CORPORATION,Technology,0.556885894080303,1.4594,False,scored_v5,3,0.51505918495434,3.268889554484854,computed,True,0.9118115724438968,2.0903505634643755,1.71178022538575,1.4594,1.71178022538575,2.1158991792736312,1.8379703380786254,1.7748752817321878,1.7117802253857501,1.9010653944250628,1.8379703380786254,2,2.4221960306725348
APTV,APTV,APTIV PLC,Technology,0.5946609786051321,1.4383,False,scored_v5,3,0.0320201269369317,-0.9127361588315392,computed,True,0.9118115724438968,-0.0004622931938212,0.8627950827224715,1.4383,0.8627950827224715,1.0636808913094116,0.5750426240837072,0.7189188534030894,0.8627950827224715,0.43116639476432517,0.5750426240837072,20,0.7516111589968947
HEXAB,HEXA.B,HEXAGON AB,Technology,0.5088,1.2846,False,scored_batch1_upload,3,0.1176548342648251,-0.1714041937014291,computed,True,0.9118115724438968,0.3702036893712338,0.9188414757484936,1.2846,0.9188414757484936,1.133143873348663,0.7359622136227403,0.8274018446856168,0.9188414757484935,0.6445225825598637,0.7359622136227403,15,0.9644735650247063
SAP,SAP,SAP SE,Technology,0.5475,1.1207,False,scored_v5,3,0.1961855409804726,0.5084290765829492,computed,True,0.9118115724438968,0.710120324513423,0.9564681298053692,1.1207,0.9564681298053692,1.1797777324399408,0.8743521947080538,0.9154101622567115,0.9564681298053692,0.833294227159396,0.8743521947080538,10,1.1475340887828642
CRTO,CRTO,CRITEO SA,Technology,0.5260761004412757,1.0549,False,scored_v5,3,0.108646720715682,-0.2493866231144411,computed,True,0.9118115724438968,0.3312124746647278,0.7654249898658911,1.0549,0.7654249898658911,0.9430019921674706,0.6206874847988366,0.6930562373323639,0.7654249898658911,0.5483187322653094,0.6206874847988366,18,0.8119896057879861
ADBE,ADBE,ADOBE INC.,Technology,0.4632812266491317,1.0158,False,scored_v5,3,0.1652851647926774,0.240927297020069,computed,True,0.9118115724438968,0.5763694347319829,0.8400277738927932,1.0158,0.8400277738927932,1.0354634614458382,0.7521416608391898,0.7960847173659915,0.8400277738927932,0.708198604312388,0.7521416608391898,14,0.9858755339991426
PRGS,PRGS,PROGRESS SOFTWARE CORPORATION,Technology,0.5060263133682952,0.9291,False,scored_v5,3,0.1924493584382147,0.4760852800947852,computed,True,0.9118115724438968,0.693948426269341,0.8350393705077364,0.9291,0.8350393705077364,1.0292809159503615,0.7880090557616046,0.8115242131346705,0.8350393705077364,0.7644938983885385,0.7880090557616046,12,1.0333204722009208
MSFT,MSFT,MICROSOFT CORPORATION,Technology,0.4596040839105741,0.9145,False,scored_v5,3,0.1234371805912202,-0.1213469412278971,computed,True,0.9118115724438968,0.3952323156079998,0.7067929262431999,0.9145,0.7067929262431999,0.870334372318031,0.6029393893647998,0.6548661578039999,0.7067929262431999,0.5510126209255999,0.6029393893647998,19,0.788512648710713
NSIT,NSIT,INSIGHT ENTERPRISES INC.,Technology,0.4429090264859597,0.7195,False,scored_v5,2,,,AIS-b only (no R&D line reported),False,-0.1302587960634138,-0.1302587960634138,0.3795964815746345,0.7195,0.3795964815746345,0.4648124549884536,0.2096447223619517,0.2946206019682931,0.3795964815746345,0.12466884275561035,0.2096447223619517,33,0.2682674173131618
DOCN,DOCN,DIGITALOCEAN HOLDINGS INC.,Technology,0.4481026390887007,0.6902,False,scored_v5,3,0.2261207935440945,0.7675758676694588,computed,True,0.9118115724438968,0.8396937200566779,0.7499974880226712,0.6902,0.7499974880226712,0.9238813989305686,0.7798962320340068,0.7649468600283389,0.7499974880226712,0.7948456040396745,0.7798962320340068,13,1.0225889311667753
TRMB,TRMB,TRIMBLE INC.,Technology,0.3561570652657822,0.4591,False,scored_v5,3,0.1773435986736788,0.3453160754059853,computed,True,0.9118115724438968,0.628563823924941,0.5268855295699764,0.4591,0.5268855295699764,0.6473600899580872,0.5607782943549646,0.5438319119624705,0.5268855295699764,0.5777246767474586,0.5607782943549646,21,0.7327424833115289
ZBRA,ZBRA,ZEBRA TECHNOLOGIES CORPORATION,Technology,0.2473021582733812,0.3392,False,scored_v5,3,0.1059093768084834,-0.2730835633070478,computed,True,0.9118115724438968,0.3193640045684245,0.3312656018273698,0.3392,0.3312656018273698,0.4049119538042519,0.3272984027410547,0.3292820022842122,0.3312656018273698,0.32531480319789713,0.3272984027410547,29,0.4238982237007722
OTEX,OTEX,OPEN TEXT CORPORATION,Technology,0.3479,0.3341,False,scored_v5,3,0.1252636502013068,-0.1055353579628153,computed,True,0.9118115724438968,0.4031381072405407,0.3617152428962162,0.3341,0.3617152428962162,0.4426507404855802,0.37552286434432447,0.36861905362027036,0.36171524289621626,0.38242667506837846,0.37552286434432447,28,0.48768893405290037
SOP,SOP,Sopra Steria Group SA,Technology,0.3136,0.3118,False,scored_v5,2,,,AIS-b only (no R&D line reported),False,-0.1302587960634138,-0.1302587960634138,0.1349764815746344,0.3118,0.1349764815746344,0.1616344314080174,0.04656472236195172,0.0907706019682931,0.13497648157463446,0.002358842755610338,0.04656472236195172,37,0.05254724754107011
NOW,NOW,SERVICENOW INC.,Technology,0.3548187940418828,0.2643,False,scored_v5,3,0.2404853321384794,0.8919283873036804,computed,True,0.9118115724438968,0.9018699798737886,0.5193279919495154,0.2643,0.5193279919495154,0.6379934015478749,0.6468419879242732,0.5830849899368943,0.5193279919495154,0.7105989859116519,0.6468419879242732,17,0.8465864530686084
SPGI,SPGI,S&P GLOBAL INC.,Technology,0.3008966720828068,0.2614,False,scored_v5,3,,,AIS-b only (no R&D line reported),False,0.9118115724438968,0.9118115724438968,0.5215646289775587,0.2614,0.5215646289775587,0.6407654528667736,0.651646943466338,0.5866057862219484,0.5215646289775587,0.7166881007107277,0.651646943466338,16,0.8529423877343036
APP,APP,APPLOVIN CORPORATION,Technology,0.2930746461123648,0.0991,False,scored_v5,3,0.1803130687231728,0.3710225107506803,computed,True,0.9118115724438968,0.6414170415972885,0.3160268166389154,0.0991,0.3160268166389154,0.3860252528999822,0.42449022495837313,0.37025852079864424,0.3160268166389154,0.4787219291181019,0.42449022495837313,25,0.552462341858602
CRM,CRM,SALESFORCE.COM INC.,Technology,0.2846043288318415,0.0832,False,scored_v5,3,0.1689215796271905,0.2724074134286616,computed,True,0.9118115724438968,0.5921094929362791,0.2867637971745116,0.0832,0.2867637971745116,0.3497571456102522,0.38854569576176745,0.33765474646813953,0.28676379717451167,0.43943664505539537,0.38854569576176745,27,0.5049153714105417
FFIV,FFIV,F5 INC.,Technology,0.2529871949558245,0.0414,False,scored_v5,3,0.1992315546653343,0.5347981432998524,computed,True,0.9118115724438968,0.7233048578718746,0.3141619431487498,0.0414,0.3141619431487498,0.3837139592241751,0.45054291472312474,0.3823524289359373,0.31416194314874984,0.5187334005103121,0.45054291472312474,23,0.5869245117081964
CRWD,CRWD,CROWDSTRIKE HOLDINGS INC.,Technology,0.1780151312861593,0.0201,False,scored_v5,2,0.2506354423897359,0.97979697953276,computed,True,-0.1302587960634138,0.4247690917346731,0.1819676366938692,0.0201,0.1819676366938692,0.2198744998194772,0.2629014550408038,0.22243454586733655,0.18196763669386923,0.3033683642142711,0.2629014550408038,30,0.338714752455355
MITK,MITK,MITEK SYSTEMS INC.,Technology,0.2858151616536929,0.0098,False,scored_v5,3,0.1882491310868083,0.4397242893987021,computed,True,0.9118115724438968,0.6757679309212994,0.2761871723685197,0.0098,0.2761871723685197,0.3366486499646286,0.4093807585527796,0.3427839654606497,0.27618717236851975,0.4759775516449095,0.4093807585527796,26,0.5324757300228137
BILL,BILL,BILL.COM HOLDINGS INC.,Technology,0.2160227132452783,-0.1432,False,scored_v5,2,0.3605672406054654,1.931466676837935,computed,True,-0.1302587960634138,0.9006039403872605,0.2743215761549042,-0.1432,0.2743215761549042,0.3343364605572086,0.4830823642323563,0.3787019701936303,0.27432157615490427,0.5874627582710823,0.4830823642323563,22,0.6299672856376901
NDAQ,NDAQ,NASDAQ INC.,Technology,0.207834810645636,-0.182,False,scored_v5,3,0.0,-1.1899315199948666,computed,True,0.9118115724438968,-0.1390599737754849,-0.1648239895101939,-0.182,-0.1648239895101939,-0.2099333647328621,-0.15623598426529095,-0.16052998688774245,-0.16482398951019395,-0.15194198164283942,-0.15623598426529095,43,-0.21571497261792513
TENB,TENB,TENABLE HOLDINGS INC.,Technology,0.1359148925654554,-0.2297,False,scored_v5,2,0.1967813517847485,0.5135869571685434,computed,True,-0.1302587960634138,0.1916640805525648,-0.061154367778974,-0.2297,-0.061154367778974,-0.0814469326267274,0.023118448331538866,-0.0190179597237176,-0.06115436777897408,0.06525485638679535,0.023118448331538866,39,0.021532811593292053
EGHT,EGHT,8X8 INC.,Technology,0.2094306627433322,-0.2353,False,scored_v5,2,0.186333961578252,0.4231448390842517,computed,True,-0.1302587960634138,0.1464430215104189,-0.0826027913958324,-0.2353,-0.0826027913958324,-0.1080297577476295,-0.00625418709374867,-0.04442848924479055,-0.08260279139583243,0.031920115057293225,-0.00625418709374867,40,-0.017320940556553303
HPQ,HPQ,HP INC.,Technology,0.1809389084449123,-0.2696,False,scored_v5,2,0.027825630068027,-0.9490475412556184,computed,True,-0.1302587960634138,-0.5396531686595161,-0.3776212674638064,-0.2696,-0.3776212674638064,-0.4736708275456859,-0.4316319011957096,-0.40462658432975807,-0.3776212674638064,-0.45863721806166124,-0.4316319011957096,56,-0.5800052225245401
GN,GN,GN STORE NORD A/S,Technology,0.1704,-0.2757,False,scored_batch2_upload,2,0.0802530232264736,-0.4951883104652023,computed,True,-0.1302587960634138,-0.312723553264308,-0.2905094213057232,-0.2757,-0.2905094213057232,-0.3657058314347765,-0.2979141319585848,-0.29421177663215403,-0.2905094213057232,-0.30161648728501556,-0.2979141319585848,49,-0.4031250417459165
ROP,ROP,ROPER TECHNOLOGIES INC.,Technology,0.0677162688335872,-0.3024,False,scored_v5,2,0.1054302187838566,-0.2772315912631006,computed,True,-0.1302587960634138,-0.2037451936632572,-0.2629380774653029,-0.3024,-0.2629380774653029,-0.3315343592207495,-0.24320711619795432,-0.2530725968316286,-0.26293807746530284,-0.23334163556428003,-0.24320711619795432,48,-0.33075929041155483
PAR,PAR,PAR TECHNOLOGY CORPORATION,Technology,0.1414077137907873,-0.3841,False,scored_v5,2,0.1294786040404181,-0.0690468813861768,computed,True,-0.1302587960634138,-0.0996528387247953,-0.2703211354899181,-0.3841,-0.2703211354899181,-0.3406848004760947,-0.21343170323487717,-0.24187641936239765,-0.2703211354899181,-0.1849869871073567,-0.21343170323487717,46,-0.2913727492082856
SINCH,SINCH,SINCH AB,Technology,0.1353,-0.3903,False,scored_batch1_upload,2,0.0097744948915984,-1.1053145961768454,computed,True,-0.1302587960634138,-0.6177866961201296,-0.4812946784480518,-0.3903,-0.4812946784480518,-0.6021619559899906,-0.5267920176720777,-0.5040433480600648,-0.48129467844805185,-0.5495406872840907,-0.5267920176720777,58,-0.7058818259205062
NTAP,NTAP,NETAPP INC.,Technology,0.1294701894888702,-0.4079,False,scored_v5,2,0.1448550366168864,0.0640655135094725,computed,True,-0.1302587960634138,-0.0330966412769706,-0.2579786565107883,-0.4079,-0.2579786565107883,-0.3253877340752457,-0.18301798476618236,-0.2204983206384853,-0.2579786565107882,-0.1455376488938794,-0.18301798476618236,45,-0.25114186552256423
VRSK,VRSK,VERISK ANALYTICS INC.,Technology,0.0767175133296679,-0.465,False,scored_v5,3,0.0154924433972068,-1.0558148298502694,computed,True,0.9118115724438968,-0.0720016287031863,-0.3078006514812745,-0.465,-0.3078006514812745,-0.3871362990576121,-0.2292009772219118,-0.2685008143515932,-0.30780065148127456,-0.1899011400922304,-0.2292009772219118,47,-0.31223214620157563
SWKS,SWKS,SKYWORKS SOLUTIONS INC.,Technology,0.143290425811382,-0.4794,False,scored_v5,2,0.1084145341413104,-0.2513966414215826,computed,True,-0.1302587960634138,-0.1908277187424982,-0.3639710874969993,-0.4794,-0.3639710874969993,-0.4567530179477224,-0.30625663124549896,-0.3351138593712491,-0.3639710874969993,-0.27739940311974876,-0.30625663124549896,51,-0.41416039471683064
WK,WK,WORKIVA INC.,Technology,0.1042481105029971,-0.5004,False,scored_v5,2,0.2781591996921989,1.218067672870588,computed,True,-0.1302587960634138,0.543904438403587,-0.0826782246385651,-0.5004,-0.0826782246385651,-0.1081232484738332,0.1261826630421522,0.021752219201793543,-0.08267822463856511,0.2306131068825109,0.1261826630421522,36,0.15786485656999563
ADSK,ADSK,AUTODESK INC.,Technology,0.1257344032188007,-0.5182,False,scored_v5,2,0.2500827199917285,0.9750121114077684,computed,True,-0.1302587960634138,0.4223766576721773,-0.141969336931129,-0.5182,-0.141969336931129,-0.1816076824561128,0.04614599460330637,-0.047911671163911346,-0.14196933693112904,0.14020366037052412,0.04614599460330637,38,0.05199335973641435
LSEG,LSEG,LONDON STOCK EXCHANGE GROUP PLC,Technology,0.0869,-0.5389,False,scored_batch1_upload,3,0.0,-1.1899315199948666,computed,True,0.9118115724438968,-0.1390599737754849,-0.378963989510194,-0.5389,-0.378963989510194,-0.4753349752696728,-0.29899598426529095,-0.33897998688774245,-0.378963989510194,-0.25901198164283945,-0.29899598426529095,50,-0.4045561023497366
JTKWY,JTKWY,JUST EAT TAKEAWAY.COM NV,Technology,0.1102,-0.5486,False,scored_batch3_upload,2,0.0,-1.1899315199948666,computed,True,-0.1302587960634138,-0.6600951580291402,-0.593198063211656,-0.5486,-0.593198063211656,-0.7408531792120926,-0.6154970948174842,-0.60434757901457,-0.593198063211656,-0.6266466106203981,-0.6154970948174842,60,-0.8232197846000106
AIF,AIF,ALTUS GROUP LTD,Technology,0.1055,-0.5693,False,scored_batch2_upload,2,0.0,-1.1899315199948666,computed,True,-0.1302587960634138,-0.6600951580291402,-0.6056180632116561,-0.5693,-0.6056180632116561,-0.7562463238971922,-0.6237770948174841,-0.6146975790145701,-0.6056180632116561,-0.6328566106203981,-0.6237770948174841,61,-0.8341724643014633
ERICB,ERIC.B,Telefonaktiebolaget LM Ericsson,Technology,0.1041,-0.5932,False,scored_v5,3,0.1832812317920235,0.3967176316814082,computed,True,0.9118115724438968,0.6542646020626525,-0.0942141591749389,-0.5932,-0.0942141591749389,-0.1224206968954305,0.1552787612375915,0.03053230103132626,-0.09421415917493897,0.28002522144385666,0.1552787612375915,35,0.19635280875558314
BSY,BSY,BENTLEY SYSTEMS INC.,Technology,0.0842859400516251,-0.5947,False,scored_v5,2,0.2317634437508888,0.8164237833904493,computed,True,-0.1302587960634138,0.3430824936635177,-0.2195870025345928,-0.5947,-0.2195870025345928,-0.277805746606981,-0.032030503801889404,-0.12580875316824117,-0.2195870025345929,0.06174774556446236,-0.032030503801889404,41,-0.051417527608180254
CART,CART,MAPLEBEAR INC.,Technology,0.0791796983253493,-0.6188,False,scored_v5,3,0.2018559659927661,0.5575174362989541,computed,True,0.9118115724438968,0.7346645043714255,-0.0774141982514298,-0.6188,-0.0774141982514298,-0.101599100341518,0.1932787026228553,0.05793225218571274,-0.07741419825142981,0.32862515305999784,0.1932787026228553,34,0.2466186525559182
FOUR,FOUR,SHIFT4 PAYMENTS INC.,Technology,0.077095907308692,-0.6297,False,scored_v5,2,,,AIS-b only (no R&D line reported),False,-0.1302587960634138,-0.1302587960634138,-0.4299235184253655,-0.6297,-0.4299235184253655,-0.5384933812016971,-0.33003527763804835,-0.37997939803170694,-0.4299235184253655,-0.28009115724438965,-0.33003527763804835,53,-0.4456144886385334
PCOR,PCOR,PROCORE TECHNOLOGIES INC.,Technology,0.0874038557586654,-0.6434,False,scored_v5,2,0.4185876445160424,2.43374409905154,computed,True,-0.1302587960634138,1.1517426514940632,0.0746570605976252,-0.6434,0.0746570605976252,0.0868755284756082,0.43368559089643793,0.2541713257470316,0.07465706059762528,0.6131998560458443,0.43368559089643793,24,0.5646258560925721
DB1,DB1,Deutsche Boerse AG,Technology,0.0614,-0.6453,False,scored_v5,1,0.0731938834910702,-0.5562986487318702,computed,True,-1.1723291645707246,-0.8643139066512974,-0.732905562660519,-0.6453,-0.732905562660519,-0.914004367022865,-0.7767083439907784,-0.7548069533256487,-0.732905562660519,-0.798609734655908,-0.7767083439907784,66,-1.036467994318149
FDS,FDS,FACTSET RESEARCH SYSTEMS INC.,Technology,0.0637917836182699,-0.6521,False,scored_v5,2,0.0,-1.1899315199948666,computed,True,-0.1302587960634138,-0.6600951580291402,-0.6552980632116561,-0.6521,-0.6552980632116561,-0.8178189026375897,-0.6568970948174842,-0.6560975790145701,-0.6552980632116561,-0.6576966106203981,-0.6568970948174842,63,-0.8779831831072744
MORN,MORN,MORNINGSTAR INC.,Technology,0.0784015053089019,-0.6591,False,scored_v5,2,0.0,-1.1899315199948666,computed,True,-0.1302587960634138,-0.6600951580291402,-0.659498063211656,-0.6591,-0.659498063211656,-0.8230243138837585,-0.6596970948174842,-0.6595975790145701,-0.659498063211656,-0.6597966106203981,-0.6596970948174842,64,-0.8816869878372343
BKNG,BKNG,BOOKING HOLDINGS INC.,Technology,0.060079545318001,-0.7216,False,scored_v5,1,0.0341881673640649,-0.8939676277011168,computed,True,-1.1723291645707246,-1.033148396135921,-0.8462193584543682,-0.7216,-0.8462193584543682,-1.054443630587481,-0.9085290376815526,-0.8773741980679605,-0.8462193584543685,-0.9396838772951446,-0.9085290376815526,71,-1.2108387474604638
VOYA,VOYA,VOYA FINANCIAL INC.,Technology,0.0731548963486562,-0.7228,False,scored_v5,2,,,AIS-b only (no R&D line reported),False,-0.1302587960634138,-0.1302587960634138,-0.4857835184253655,-0.7228,-0.4857835184253655,-0.6077253507757433,-0.3672752776380483,-0.4265293980317069,-0.48578351842536555,-0.30802115724438967,-0.3672752776380483,54,-0.4948750915469997
ADTN,ADTN,ADTRAN HOLDINGS INC.,Technology,0.0725054499929911,-0.7316,False,scored_v5,2,0.1971123057151692,0.5164519956005292,computed,True,-0.1302587960634138,0.1930965997685577,-0.3617213600925769,-0.7316,-0.3617213600925769,-0.4539647426306284,-0.1767820401388654,-0.2692517001157212,-0.36172136009257694,-0.08431238016200962,-0.1767820401388654,44,-0.24289303652026975
TTWO,TTWO,TAKE TWO INTERACTIVE SOFTWARE INC.,Technology,0.0645894693329199,-0.7336,False,scored_v5,2,0.1414140865562772,0.0342775180816522,computed,True,-0.1302587960634138,-0.0479906389908808,-0.4593562555963523,-0.7336,-0.4593562555963523,-0.5749718338386942,-0.32223438339452853,-0.39079531949544044,-0.4593562555963523,-0.25367344729361657,-0.32223438339452853,52,-0.4352955639967243
JPM,JPM,JP MORGAN,Technology,0.0591074770958526,-0.7349,False,scored_v5,3,,,AIS-b only (no R&D line reported),False,0.9118115724438968,0.9118115724438968,-0.0762153710224412,-0.7349,-0.0762153710224412,-0.1001132934986631,0.253126943466338,0.08845578622194838,-0.07621537102244125,0.4177981007107277,0.253126943466338,31,0.3257851516687286
ALLY,ALLY,ALLY FINANCIAL INC.,Technology,0.0653949528175415,-0.7359,False,scored_v5,2,,,AIS-b only (no R&D line reported),False,-0.1302587960634138,-0.1302587960634138,-0.4936435184253655,-0.7359,-0.4936435184253655,-0.6174669061078593,-0.3725152776380483,-0.4330793980317069,-0.4936435184253655,-0.31195115724438965,-0.3725152776380483,55,-0.501806497541639
EFX,EFX,EQUIFAX INC.,Technology,0.0222439718836195,-0.7399,False,scored_v5,3,,,AIS-b only (no R&D line reported),False,0.9118115724438968,0.9118115724438968,-0.0792153710224412,-0.7399,-0.0792153710224412,-0.1038314443887837,0.251126943466338,0.08595578622194838,-0.07921537102244125,0.4162981007107277,0.251126943466338,32,0.32313957686161443
UPBD,UPBD,UPBOUND GROUP INC.,Technology,0.0607508808877728,-0.7602,False,scored_v5,1,0.0,-1.1899315199948666,computed,True,-1.1723291645707246,-1.1811303422827957,-0.928572136913118,-0.7602,-0.928572136913118,-1.1565103160975836,-1.0127582053696775,-0.9706651711413978,-0.9285721369131182,-1.054851239597957,-1.0127582053696775,75,-1.3487117775615558
PSFE,PSFE,PAYSAFE LTD,Technology,0.0461,-0.7606,False,scored_batch3_upload,1,,,AIS-b only (no R&D line reported),False,-1.1723291645707246,-1.1723291645707246,-0.9252916658282898,-0.7606,-0.9252916658282898,-1.1524445539362271,-1.0076374987424348,-0.9664645822853624,-0.9252916658282898,-1.0488104151995072,-1.0076374987424348,74,-1.3419381713377279
TYL,TYL,TYLER TECHNOLOGIES INC.,Technology,0.0373524577917226,-0.7616,False,scored_v5,1,0.05777929234098,-0.6897413789699561,computed,True,-1.1723291645707246,-0.9310352717703404,-0.8293741087081361,-0.7616,-0.8293741087081361,-1.0335659038080618,-0.8632611630622042,-0.8463176358851703,-0.8293741087081362,-0.8802046902392383,-0.8632611630622042,68,-1.1509589731281877
DASH,DASH,DOORDASH INC.,Technology,0.0295461708162622,-0.789,False,scored_v5,3,0.1210428046271383,-0.1420748387603381,computed,True,0.9118115724438968,0.3848683668417793,-0.3194526532632882,-0.789,-0.3194526532632882,-0.4015775993234392,-0.0846789798949325,-0.20206581657911038,-0.31945265326328826,0.032707856789245454,-0.0846789798949325,42,-0.12106026860053472
SYNA,SYNA,SYNAPTICS INC.,Technology,0.0455878553953226,-0.8118,False,scored_v5,1,0.2225393942143249,0.736572015541048,computed,True,-1.1723291645707246,-0.2178785745148382,-0.5742314298059352,-0.8118,-0.5742314298059352,-0.7173462442520684,-0.4554471447089029,-0.5148392872574191,-0.5742314298059352,-0.3960550021603867,-0.4554471447089029,57,-0.6115077266564372
ICE,ICE,INTERCONTINENTAL EXCHANGE INC.,Technology,0.0481614371372841,-0.8156,False,scored_v5,2,0.0,-1.1899315199948666,computed,True,-0.1302587960634138,-0.6600951580291402,-0.753398063211656,-0.8156,-0.753398063211656,-0.9394024367445344,-0.7222970948174842,-0.7378475790145701,-0.753398063211656,-0.7067466106203981,-0.7222970948174842,65,-0.9644934792999087
FUTR,FUTR,FUTURE PLC,Technology,0.0373,-0.8278,False,scored_batch1_upload,1,0.0,-1.1899315199948666,computed,True,-1.1723291645707246,-1.1811303422827957,-0.9691321369131182,-0.8278,-0.9691321369131182,-1.2067797161320146,-1.0397982053696775,-1.0044651711413979,-0.9691321369131183,-1.0751312395979569,-1.0397982053696775,76,-1.3844799489537398
PTC,PTC,PTC INC.,Technology,0.0156909510285418,-0.8437,False,scored_v5,1,0.170606006782688,0.2869893479300801,computed,True,-1.1723291645707246,-0.4426699083203222,-0.6832879633281289,-0.8437,-0.6832879633281289,-0.8525091266484067,-0.6030819449921934,-0.6431849541601611,-0.6832879633281289,-0.5629789358242255,-0.6030819449921934,59,-0.8067971807978418
APPS,APPS,DIGITAL TURBINE INC.,Technology,0.022017702232595,-0.8545,False,scored_v5,1,0.067341327578656,-0.6069636992816563,computed,True,-1.1723291645707246,-0.8896464319261904,-0.8685585727704762,-0.8545,-0.8685585727704762,-1.082130487118825,-0.8755878591557142,-0.8720732159630953,-0.8685585727704762,-0.8791025023483332,-0.8755878591557142,69,-1.167264571448159
CDLX,CDLX,CARDLYTICS INC.,Technology,0.024586637162702,-0.8704,False,scored_v5,1,0.1624928945357135,0.2167548643539135,computed,True,-1.1723291645707246,-0.4777871501084055,-0.7133548600433621,-0.8704,-0.7133548600433621,-0.8897735462433765,-0.6348322900650434,-0.6740935750542028,-0.7133548600433621,-0.5955710050758838,-0.6348322900650434,62,-0.848796137318799
CARG,CARG,CARGURUS INC.,Technology,0.0301404545180541,-0.8722,False,scored_v5,1,0.0933226241208459,-0.3820459501206671,computed,True,-1.1723291645707246,-0.7771875573456959,-0.8341950229382784,-0.8722,-0.8341950229382784,-1.039540865986728,-0.8151925344074176,-0.8246937786728479,-0.8341950229382784,-0.805691290141987,-0.8151925344074176,67,-1.0873743966373721
FTV,FTV,FORTIVE CORPORATION,Technology,0.0,-0.8985,False,scored_v5,0,0.0682196309982698,-0.5993603055134061,computed,True,-2.2143995330780357,-1.4068799192957206,-1.101851967718288,-0.8985,-1.101851967718288,-1.3712705018136486,-1.2035279515774324,-1.1526899596478604,-1.101851967718288,-1.2543659435070045,-1.2035279515774324,78,-1.6010595948249586
STC,STC,SANGOMA TECHNOLOGIES CORPORATION,Technology,0.0,-0.9066,False,scored_v2_edgar,0,0.157378217580709,0.172477565623377,computed,True,-2.2143995330780357,-1.0209609837273292,-0.9523443934909316,-0.9066,-0.9523443934909316,-1.1859732617492411,-0.9752165902363976,-0.9637804918636645,-0.9523443934909317,-0.9866526886091305,-0.9752165902363976,72,-1.2990522019540647
AKAM,AKAM,AKAMAI TECHNOLOGIES INC.,Technology,0.0,-0.9161,False,scored_v5,0,0.1073757883398303,-0.2603889704702861,computed,True,-2.2143995330780357,-1.2373942517741607,-1.0446177007096644,-0.9161,-1.0446177007096644,-1.30033528820581,-1.1088765510644965,-1.0767471258870804,-1.0446177007096644,-1.1410059762419125,-1.1088765510644965,77,-1.475855914497409
ABDN,ABDN,ABRDN PLC,Technology,0.0072,-0.9213,False,scored_batch1_upload,0,0.0,-1.1899315199948666,computed,True,-2.2143995330780357,-1.7021655265364508,-1.2336462106145802,-0.9213,-1.2336462106145802,-1.5346141289928563,-1.3898193159218704,-1.3117327632682254,-1.2336462106145802,-1.4679058685755153,-1.3898193159218704,80,-1.8474834649712473
MGNI,MGNI,MAGNITE INC.,Technology,0.0085517595245221,-0.94,False,scored_v5,0,0.1607049193631467,0.2012765239748478,computed,True,-2.2143995330780357,-1.0065615045515937,-0.9666246018206376,-0.94,-0.9666246018206376,-1.2036719181866429,-0.9799369027309561,-0.9732807522757968,-0.9666246018206375,-0.9865930531861156,-0.9799369027309561,73,-1.30529617186272
MSCI,MSCI,MSCI INC.,Technology,0.0,-0.9669,False,scored_v5,0,0.0538961608418961,-0.7233572993706894,computed,True,-2.2143995330780357,-1.4688784162243622,-1.1676913664897448,-0.9669,-1.1676913664897448,-1.4528707748626817,-1.2680870497346173,-1.217889208112181,-1.1676913664897448,-1.3182848913570535,-1.2680870497346173,79,-1.686457556652289
DND,DND,DYE & DURHAM LTD,Technology,0.0,-0.9669,False,scored_batch2_MDA_only,0,0.1935857944044942,0.4859233041204953,computed,True,-2.2143995330780357,-0.86423811447877,-0.925835245791508,-0.9669,-0.925835245791508,-1.1531182580442576,-0.905302868687262,-0.915569057239385,-0.925835245791508,-0.895036680135139,-0.905302868687262,70,-1.2065712117530696
