Deal_ID,Acquiror_Name,Target_Name,Industry,Close_Year,Disclosure_Quality,CULT_Code,Analyzable,CULT_Fuzzy_workbook,CULT_calibrated
1,CAIXABANK SA,BANKIA SA,Financial Services / Payments,2021,HIGH,MODERATE,True,0.67,0.67
2,BANCORPSOUTH BANK,CADENCE BANCORPORATION LLC,Financial Services / Payments,2021,HIGH,MODERATE,True,0.67,0.67
3,REGIONS FINANCIAL CORPORATION,ENERBANK USA,Financial Services / Payments,2021,HIGH,WEAK,True,0.33,0.33
4,ARTHUR J GALLAGHER & COMPANY,WILLIS TOWERS WATSON PLC'S REINSURANCE BROKERAGE BUSINESS,Financial Services / Payments,2021,HIGH,MODERATE,True,0.67,0.67
5,"ALLSTATE CORPORATION, THE",NATIONAL GENERAL HOLDINGS CORPORATION,Financial Services / Payments,2021,HIGH,WEAK,True,0.33,0.33
6,MORGAN STANLEY,EATON VANCE CORPORATION,Financial Services / Payments,2021,HIGH,MODERATE,True,0.67,0.67
7,INTESA SANPAOLO SPA,LONDON STOCK EXCHANGE GROUP HOLDINGS ITALIA SPA,Financial Services / Payments,2021,HIGH,EXCLUDED,False,,
8,BLACKSTONE REAL ESTATE INCOME TRUST INC.,WPT INDUSTRIAL REAL ESTATE INVESTMENT TRUST,Financial Services / Payments,2021,HIGH,EXCLUDED,False,,
9,BIRD GLOBAL INC.,SWITCHBACK II CORPORATION,Financial Services / Payments,2021,HIGH,EXCLUDED,False,,
10,BLACKSTONE REAL ESTATE INCOME TRUST INC.,"CABOT PROPERTIES INC.'S 102 PROPERTIES LOCATED IN INLAND EMPIRE, CALIFORNIA, EASTERN PENNSYLVANIA, SOUTH FLORIDA AND THE NEW YORK METROPOLITAN AREA",Financial Services / Payments,2021,HIGH,EXCLUDED,False,,
11,NEW RESIDENTIAL INVESTMENT CORPORATION,CALIBER HOME LOANS INC.,Financial Services / Payments,2021,HIGH,MODERATE,True,0.67,0.67
12,HOULIHAN LOKEY INC.,GCA CORPORATION,Financial Services / Payments,2021,HIGH,MODERATE,True,0.67,0.67
13,SIRIUS REAL ESTATE LTD,HELIX INVESTMENTS LTD,Financial Services / Payments,2021,HIGH,EXCLUDED,False,,
14,"PNC FINANCIAL SERVICES GROUP INC., THE",BBVA USA BANCSHARES INC.,Financial Services / Payments,2021,MEDIUM,MODERATE,True,0.67,0.67
15,BRIDGE BANCORP INC.,DIME COMMUNITY BANCSHARES INC. (OLD),Financial Services / Payments,2021,MEDIUM,MODERATE,True,0.67,0.67
16,ENTERPRISE FINANCIAL SERVICES CORPORATION,FIRST CHOICE BANCORP,Financial Services / Payments,2021,MEDIUM,WEAK,True,0.33,0.33
17,FIRST FOUNDATION INC.,TGR FINANCIAL INC.,Financial Services / Payments,2021,MEDIUM,MODERATE,True,0.67,0.67
18,STOCK YARDS BANCORP INC.,KENTUCKY BANCSHARES INC.,Financial Services / Payments,2021,MEDIUM,WEAK,True,0.33,0.33
19,NN GROUP NV,HEINENOORD HOLDING BV,Financial Services / Payments,2021,MEDIUM,WEAK,True,0.33,0.33
20,BRP GROUP INC.,"JACOBSON, GOLDFARB & SCOTT INC.'S ASSETS",Financial Services / Payments,2021,MEDIUM,MODERATE,True,0.67,0.67
21,M&T BANK CORPORATION,PEOPLE'S UNITED FINANCIAL INC.,Financial Services / Payments,2022,HIGH,MODERATE,True,0.67,0.67
22,OLD NATIONAL BANCORP,FIRST MIDWEST BANCORP INC.,Financial Services / Payments,2022,HIGH,MODERATE,True,0.67,0.67
23,WEBSTER FINANCIAL CORPORATION,STERLING BANCORP,Financial Services / Payments,2022,HIGH,MODERATE,True,0.67,0.67
24,NEW YORK COMMUNITY BANCORP INC.,FLAGSTAR BANCORP INC.,Financial Services / Payments,2022,HIGH,MODERATE,True,0.67,0.67
25,FIRST CITIZENS BANCSHARES INC.,CIT GROUP INC.,Financial Services / Payments,2022,HIGH,MODERATE,True,0.67,0.67
26,FIRST INTERSTATE BANCSYSTEM INC.,GREAT WESTERN BANCORP INC.,Financial Services / Payments,2022,HIGH,MODERATE,True,0.67,0.67
27,VALLEY NATIONAL BANCORP,BANK LEUMI LE-ISRAEL CORPORATION,Financial Services / Payments,2022,HIGH,MODERATE,True,0.67,0.67
28,DNB BANK ASA,SBANKEN ASA,Financial Services / Payments,2022,HIGH,MODERATE,True,0.67,0.67
29,KBC GROEP NV/ KBC GROUPE SA,RAYFAYZENBANK BULGARIA EAD,Financial Services / Payments,2022,HIGH,MODERATE,True,0.67,0.67
30,HOME BANCSHARES INC.,HAPPY BANCSHARES INC.,Financial Services / Payments,2022,HIGH,MODERATE,True,0.67,0.67
31,CBTX INC.,ALLEGIANCE BANCSHARES INC.,Financial Services / Payments,2022,HIGH,MODERATE,True,0.67,0.67
32,SIMMONS FIRST NATIONAL CORPORATION,SPIRIT OF TEXAS BANCSHARES INC.,Financial Services / Payments,2022,HIGH,WEAK,True,0.33,0.33
33,UNITED COMMUNITY BANKS INC.,RELIANT BANCORP INC.,Financial Services / Payments,2022,HIGH,MODERATE,True,0.67,0.67
34,CHUBB LTD,LINA LIFE INSURANCE COMPANY OF KOREA,Financial Services / Payments,2022,HIGH,MODERATE,True,0.67,0.67
35,SUN LIFE FINANCIAL INC.,DENTAQUEST LLC,Financial Services / Payments,2022,HIGH,MODERATE,True,0.67,0.67
36,ALM BRAND A/S,CODAN FORSIKRING A/S' DANISH BUSINESS,Financial Services / Payments,2022,HIGH,MODERATE,True,0.67,0.67
37,SUPER GROUP (SGHC) LTD,SPORTS ENTERTAINMENT ACQUISITION CORPORATION,Financial Services / Payments,2022,HIGH,EXCLUDED,False,,
38,CHURCHILL DOWNS INC.,PENINSULA PACIFIC ENTERTAINMENT LLC'S VIRGINIA AND NEW YORK ASSETS,Financial Services / Payments,2022,HIGH,EXCLUDED,False,,
39,BARINGS BDC INC.,SIERRA INCOME CORPORATION,Financial Services / Payments,2022,HIGH,EXCLUDED,False,,
40,SCHRODERS PLC,GREENCOAT CAPITAL HOLDINGS LTD,Financial Services / Payments,2022,HIGH,MODERATE,True,0.67,0.67
41,US BANCORP,MUFG UNION BANK NA,Financial Services / Payments,2022,MEDIUM,MODERATE,True,0.67,0.67
42,CITIZENS FINANCIAL GROUP INC.,INVESTORS BANCORP INC.,Financial Services / Payments,2022,MEDIUM,MODERATE,True,0.67,0.67
43,RAYMOND JAMES FINANCIAL INC.,TRISTATE CAPITAL HOLDINGS INC.,Financial Services / Payments,2022,MEDIUM,MODERATE,True,0.67,0.67
44,BERKSHIRE HATHAWAY INC.,ALLEGHANY CORPORATION,Financial Services / Payments,2022,MEDIUM,WEAK,True,0.33,0.33
45,LEMONADE INC.,METROMILE INC.,Financial Services / Payments,2022,MEDIUM,MODERATE,True,0.67,0.67
46,B RILEY FINANCIAL INC.,FOCALPOINT SECURITIES LLC,Financial Services / Payments,2022,MEDIUM,WEAK,True,0.33,0.33
47,COLUMBIA BANKING SYSTEM INC.,UMPQUA HOLDINGS CORPORATION,Financial Services / Payments,2023,HIGH,MODERATE,True,0.67,0.67
48,BANC OF CALIFORNIA INC.,PACWEST BANCORP,Financial Services / Payments,2023,HIGH,WEAK,True,0.33,0.33
49,ASR NEDERLAND NV,AEGON NEDERLAND NV'S INSURANCE ACTIVITIES AND CERTAIN BUSINESSES,Financial Services / Payments,2023,HIGH,STRONG,True,0.95,0.95
50,RENAISSANCERE HOLDINGS LTD,VALIDUS REINSURANCE LTD,Financial Services / Payments,2023,HIGH,WEAK,True,0.33,0.33
51,ARTHUR J GALLAGHER & COMPANY,CADENCE INSURANCE INC.,Financial Services / Payments,2023,HIGH,MODERATE,True,0.67,0.67
52,ARTHUR J GALLAGHER & COMPANY,EASTERN INSURANCE GROUP LLC'S ASSETS,Financial Services / Payments,2023,HIGH,MODERATE,True,0.67,0.67
53,"TORONTO-DOMINION BANK, THE",COWEN INC.,Financial Services / Payments,2023,HIGH,MODERATE,True,0.67,0.67
54,RATHBONES GROUP PLC,INVESTEC WEALTH & INVESTMENT LTD,Financial Services / Payments,2023,HIGH,MODERATE,True,0.67,0.67
55,RITHM CAPITAL CORPORATION,SCULPTOR CAPITAL MANAGEMENT INC.,Financial Services / Payments,2023,HIGH,MODERATE,True,0.67,0.67
56,BANK OF MONTREAL,BANK OF THE WEST,Financial Services / Payments,2023,MEDIUM,MODERATE,True,0.67,0.67
57,OTP BANK NYRT,NOVA KREDITNA BANKA MARIBOR DD,Financial Services / Payments,2023,MEDIUM,MODERATE,True,0.67,0.67
58,SEACOAST BANKING CORPORATION OF FLORIDA,PROFESSIONAL HOLDING CORPORATION,Financial Services / Payments,2023,MEDIUM,WEAK,True,0.33,0.33
59,PROSPERITY BANCSHARES INC.,FIRST BANCSHARES OF TEXAS INC.,Financial Services / Payments,2023,MEDIUM,MODERATE,True,0.67,0.67
60,DEUTSCHE BANK AG,NUMIS CORPORATION PLC,Financial Services / Payments,2023,MEDIUM,MODERATE,True,0.67,0.67
61,SALESFORCE.COM INC.,SLACK TECHNOLOGIES INC.,Technology / Software,2021,HIGH,MODERATE,True,0.67,0.67
62,LONDON STOCK EXCHANGE GROUP PLC,REFINITIV LTD,Technology / Software,2021,HIGH,MODERATE,True,0.67,0.67
63,INTUIT INC.,"ROCKET SCIENCE GROUP LLC, THE",Technology / Software,2021,HIGH,MODERATE,True,0.67,0.67
64,DELIVERY HERO SE,WOOWA BROTHERS CORPORATION,Technology / Software,2021,HIGH,EXCLUDED,False,,
65,SKYWORKS SOLUTIONS INC.,SILICON LABORATORIES INC.'S INFRASTRUCTURE & AUTOMOTIVE BUSINESS,Technology / Software,2021,HIGH,WEAK,True,0.33,0.33
66,BALLY'S CORPORATION,GAMESYS GROUP PLC,Technology / Software,2021,HIGH,EXCLUDED,False,,
67,BILL.COM HOLDINGS INC.,DIVVYPAY INC.,Technology / Software,2021,HIGH,MODERATE,True,0.67,0.67
68,TYLER TECHNOLOGIES INC.,NIC INC.,Technology / Software,2021,HIGH,MODERATE,True,0.67,0.67
69,ROCKWELL AUTOMATION INC.,PLEX SYSTEMS HOLDINGS INC.,Technology / Software,2021,HIGH,MODERATE,True,0.67,0.67
70,INTERNATIONAL BUSINESS MACHINES CORPORATION,TURBONOMIC INC.,Technology / Software,2021,HIGH,WEAK,True,0.33,0.33
71,EQUIFAX INC.,APPRISS INSIGHTS LLC,Technology / Software,2021,HIGH,MODERATE,True,0.67,0.67
72,PROSUS NV,STACK EXCHANGE INC.,Technology / Software,2021,HIGH,MODERATE,True,0.67,0.67
73,MAGNITE INC.,SPOTX INC.,Technology / Software,2021,HIGH,WEAK,True,0.33,0.33
74,FORTIVE CORPORATION,PROVATION SOFTWARE INC.,Technology / Software,2021,HIGH,MODERATE,True,0.67,0.67
75,SINCH AB,MESSAGE4U PTY LTD,Technology / Software,2021,HIGH,MODERATE,True,0.67,0.67
76,ADOBE INC.,FRAME.IO INC.,Technology / Software,2021,HIGH,MODERATE,True,0.67,0.67
77,BOOKING HOLDINGS INC.,CONSUMER CLUB INC.,Technology / Software,2021,HIGH,MODERATE,True,0.67,0.67
78,SAP SE,SIGNAVIO GMBH,Technology / Software,2021,HIGH,MODERATE,True,0.67,0.67
79,BENTLEY SYSTEMS INC.,SEEQUENT HOLDINGS LTD,Technology / Software,2021,HIGH,MODERATE,True,0.67,0.67
80,AUTODESK INC.,INNOVYZE INC.,Technology / Software,2021,HIGH,MODERATE,True,0.67,0.67
81,ELI LILLY AND COMPANY,PROTOMER TECHNOLOGIES INC.,Technology / Software,2021,HIGH,EXCLUDED,False,,
82,OPEN TEXT CORPORATION,ZIX CORPORATION,Technology / Software,2021,HIGH,WEAK,True,0.33,0.33
83,FUTURE PLC,GOCO GROUP PLC,Technology / Software,2021,HIGH,MODERATE,True,0.67,0.67
84,LIGHTSPEED COMMERCE INC.,ECWID INC.,Technology / Software,2021,HIGH,MODERATE,True,0.67,0.67
85,ALLY FINANCIAL INC.,FAIR SQUARE FINANCIAL LLC,Technology / Software,2021,HIGH,MODERATE,True,0.67,0.67
86,PTC INC.,ARENA HOLDINGS INC.,Technology / Software,2021,HIGH,MODERATE,True,0.67,0.67
87,CARDLYTICS INC.,BRIDG INC.,Technology / Software,2021,HIGH,WEAK,True,0.33,0.33
88,DIGITAL TURBINE INC.,FYBER NV,Technology / Software,2021,HIGH,WEAK,True,0.33,0.33
89,AMERICAN TOWER CORPORATION,TELXIUS TELECOM SA' S TELECOMMUNICATIONS TOWERS DIVISION IN SPAIN,Technology / Software,2021,HIGH,EXCLUDED,False,,
90,CABLE ONE INC.,HARGRAY ACQUISITION HOLDINGS LLC,Technology / Software,2021,HIGH,EXCLUDED,False,,
91,SINCH AB,ONVOY HOLDINGS INC.,Technology / Software,2021,HIGH,EXCLUDED,False,,
92,AURORA INNOVATION INC.,AURORA INNOVATION INC.(OLD),Technology / Software,2021,HIGH,EXCLUDED,False,,
93,HUNTINGTON INGALLS INDUSTRIES INC.,ALION HOLDING CORPORATION,Technology / Software,2021,HIGH,EXCLUDED,False,,
94,UPBOUND GROUP INC.,ACIMA HOLDINGS LLC,Technology / Software,2021,HIGH,MODERATE,True,0.67,0.67
95,AMETEK INC.,ABACO SYSTEMS INC.,Technology / Software,2021,HIGH,EXCLUDED,False,,
96,SYNAPTICS INC.,DSP GROUP INC.,Technology / Software,2021,HIGH,WEAK,True,0.33,0.33
97,JUST EAT TAKEAWAY.COM NV,GRUBHUB INC.,Technology / Software,2021,MEDIUM,MODERATE,True,0.67,0.67
98,GENIUS SPORTS LTD,GENIUS SPORTS GROUP LTD,Technology / Software,2021,MEDIUM,EXCLUDED,False,,
99,VERIZON COMMUNICATIONS INC.,TRACFONE WIRELESS INC.,Technology / Software,2021,MEDIUM,EXCLUDED,False,,
100,CELLNEX TELECOM SA,HIVORY SAS,Technology / Software,2021,MEDIUM,EXCLUDED,False,,
101,MICROSOFT CORPORATION,ZENIMAX MEDIA INC.,Technology / Software,2021,MEDIUM,MODERATE,True,0.67,0.67
102,HEXAGON AB,INFOR (US) INC.'S GLOBAL ENTERPRISE ASSET MANAGEMENT BUSINESS,Technology / Software,2021,MEDIUM,WEAK,True,0.33,0.33
103,VIASAT INC.,RIGNET INC.,Technology / Software,2021,MEDIUM,EXCLUDED,False,,
104,PAR TECHNOLOGY CORPORATION,PUNCHH INC.,Technology / Software,2021,MEDIUM,MODERATE,True,0.67,0.67
105,PROCORE TECHNOLOGIES INC.,EXPRESS LIEN INC.,Technology / Software,2021,MEDIUM,MODERATE,True,0.67,0.67
106,F5 INC.,VOLTERRA INC.,Technology / Software,2021,MEDIUM,MODERATE,True,0.67,0.67
107,SANGOMA TECHNOLOGIES CORPORATION,STARBLUE INC.,Technology / Software,2021,MEDIUM,WEAK,True,0.33,0.33
108,MAXIMUS INC.,ATTAIN LLC'S FEDERAL DIVISION,Technology / Software,2021,MEDIUM,EXCLUDED,False,,
109,CROWDSTRIKE HOLDINGS INC.,HUMIO LTD,Technology / Software,2021,MEDIUM,MODERATE,True,0.67,0.67
110,DYE & DURHAM LTD,TELUS CORPORATION'S FINANCIAL SOLUTIONS BUSINESS,Technology / Software,2021,MEDIUM,WEAK,True,0.33,0.33
111,HEWLETT PACKARD ENTERPRISE COMPANY,ZERTO LTD,Technology / Software,2021,MEDIUM,MODERATE,True,0.67,0.67
112,MAPLEBEAR INC.,CAPER INC.,Technology / Software,2021,MEDIUM,MODERATE,True,0.67,0.67
113,SCIENCE APPLICATIONS INTERNATIONAL CORPORATION,HALFAKER AND ASSOCIATES LLC,Technology / Software,2021,MEDIUM,EXCLUDED,False,,
114,SERVICENOW INC.,ELEMENT AI INC.,Technology / Software,2021,MEDIUM,WEAK,True,0.33,0.33
115,ALTUS GROUP LTD,SCRYER INC.,Technology / Software,2021,MEDIUM,MODERATE,True,0.67,0.67
116,THRYV HOLDINGS INC.,SENSIS HOLDINGS PTY LTD,Technology / Software,2021,MEDIUM,EXCLUDED,False,,
117,ALMA MEDIA OYJ,NETTIX OY,Technology / Software,2021,MEDIUM,EXCLUDED,False,,
118,OMNICELL INC.,FDS AMPLICARE,Technology / Software,2021,MEDIUM,EXCLUDED,False,,
119,ANTARES VISION SPA,RFXCEL CORPORATION,Technology / Software,2021,MEDIUM,MODERATE,True,0.67,0.67
120,CARGURUS INC.,CAROFFER LLC,Technology / Software,2021,MEDIUM,MODERATE,True,0.67,0.67
121,HP INC.,PLANTRONICS INC.,Technology / Software,2022,HIGH,MODERATE,True,0.67,0.67
122,GN STORE NORD A/S,STEELSERIES APS,Technology / Software,2022,HIGH,MODERATE,True,0.67,0.67
123,MASIMO CORPORATION,VIPER HOLDINGS CORPORATION,Technology / Software,2022,HIGH,EXCLUDED,False,,
124,ADTRAN HOLDINGS INC.,ADVA OPTICAL NETWORKING SE,Technology / Software,2022,HIGH,WEAK,True,0.33,0.33
125,S&P GLOBAL INC.,IHS MARKIT LTD,Technology / Software,2022,HIGH,MODERATE,True,0.67,0.67
126,MICROSOFT CORPORATION,NUANCE COMMUNICATIONS INC.,Technology / Software,2022,HIGH,MODERATE,True,0.67,0.67
127,TAKE TWO INTERACTIVE SOFTWARE INC.,ZYNGA INC.,Technology / Software,2022,HIGH,MODERATE,True,0.67,0.67
128,DOORDASH INC.,WOLT ENTERPRISES OY,Technology / Software,2022,HIGH,MODERATE,True,0.67,0.67
129,TELEFONAKTIEBOLAGET LM ERICSSON AB,VONAGE HOLDINGS CORPORATION,Technology / Software,2022,HIGH,WEAK,True,0.33,0.33
130,APTIV PLC,WIND RIVER SYSTEMS INC.,Technology / Software,2022,HIGH,WEAK,True,0.33,0.33
131,STRYKER CORPORATION,VOCERA COMMUNICATIONS INC.,Technology / Software,2022,HIGH,EXCLUDED,False,,
132,TELUS CORPORATION,LIFEWORKS INC.,Technology / Software,2022,HIGH,EXCLUDED,False,,
133,SHOPIFY INC.,DELIVERR INC.,Technology / Software,2022,HIGH,WEAK,True,0.33,0.33
134,FACTSET RESEARCH SYSTEMS INC.,S&P GLOBAL INC.'S CUSIP GLOBAL SERVICES BUSINESS,Technology / Software,2022,HIGH,WEAK,True,0.33,0.33
135,ADVANCED MICRO DEVICES INC.,PENSANDO SYSTEMS INC.,Technology / Software,2022,HIGH,WEAK,True,0.33,0.33
136,ABRDN PLC,INTERACTIVE INVESTOR LTD,Technology / Software,2022,HIGH,MODERATE,True,0.67,0.67
137,SIEMENS AG,BRIGHTLY SOFTWARE INC.,Technology / Software,2022,HIGH,WEAK,True,0.33,0.33
138,BECTON DICKINSON AND COMPANY,PARATA SYSTEMS LLC,Technology / Software,2022,HIGH,EXCLUDED,False,,
139,APPLOVIN CORPORATION,MOPUB INC.,Technology / Software,2022,HIGH,WEAK,True,0.33,0.33
140,MICROSOFT CORPORATION,XANDR INC.,Technology / Software,2022,HIGH,WEAK,True,0.33,0.33
141,MEDTRONIC PLC,AFFERA INC.,Technology / Software,2022,HIGH,EXCLUDED,False,,
142,AKAMAI TECHNOLOGIES INC.,LINODE LLC,Technology / Software,2022,HIGH,WEAK,True,0.33,0.33
143,MCKESSON CORPORATION,RX SAVINGS LLC,Technology / Software,2022,HIGH,EXCLUDED,False,,
144,IRON MOUNTAIN INC.,ITRENEW INC.,Technology / Software,2022,HIGH,EXCLUDED,False,,
145,BENTLEY SYSTEMS INC.,PLS HOLDINGS LLC,Technology / Software,2022,HIGH,MODERATE,True,0.67,0.67
146,ZEBRA TECHNOLOGIES CORPORATION,MATROX ELECTRONIC SYSTEMS LTD,Technology / Software,2022,HIGH,MODERATE,True,0.67,0.67
147,MORNINGSTAR INC.,S&P GLOBAL'S LEVERAGED COMMENTARY AND DATA BUSINESS,Technology / Software,2022,HIGH,WEAK,True,0.33,0.33
148,EQUINIX INC.,EMPRESA NACIONAL DE TELECOMUNICACIONES SA'S THREE DATA CENTRES IN CHILE,Technology / Software,2022,HIGH,EXCLUDED,False,,
149,FLUTTER ENTERTAINMENT PLC,TOMBOLA LTD,Technology / Software,2022,HIGH,EXCLUDED,False,,
150,INFORMA PLC,INDUSTRY DIVE INC.,Technology / Software,2022,HIGH,EXCLUDED,False,,
151,SENTINELONE INC.,ATTIVO NETWORKS INC.,Technology / Software,2022,HIGH,WEAK,True,0.33,0.33
152,API GROUP CORPORATION,CHUBB LTD,Technology / Software,2022,MEDIUM,EXCLUDED,False,,
153,HEXAGON AB,ETQ LLC,Technology / Software,2022,MEDIUM,MODERATE,True,0.67,0.67
154,JP MORGAN,GLOBAL SHARES PLC,Technology / Software,2022,MEDIUM,MODERATE,True,0.67,0.67
155,PAYSAFE LTD,SAFTPAY INC.,Technology / Software,2022,MEDIUM,MODERATE,True,0.67,0.67
156,NETAPP INC.,INSTACLUSTR PTY LTD,Technology / Software,2022,MEDIUM,WEAK,True,0.33,0.33
157,DIGITALOCEAN HOLDINGS INC.,CLOUDWAYS LTD,Technology / Software,2022,MEDIUM,MODERATE,True,0.67,0.67
158,NEWS CORPORATION,IHS MARKIT LTD'S BASE CHEMICALS BUSINESS,Technology / Software,2022,MEDIUM,EXCLUDED,False,,
159,CRITEO SA,IPONWEB LTD,Technology / Software,2022,MEDIUM,WEAK,True,0.33,0.33
160,8X8 INC.,FUZE INC.,Technology / Software,2022,MEDIUM,WEAK,True,0.33,0.33
161,ENTAIN PLC,DEIS LTD,Technology / Software,2022,MEDIUM,EXCLUDED,False,,
162,WONDERFI TECHNOLOGIES INC.,FIRST LEDGER CORPORATION,Technology / Software,2022,MEDIUM,MODERATE,True,0.67,0.67
163,MITEK SYSTEMS INC.,HOOYU LTD,Technology / Software,2022,MEDIUM,WEAK,True,0.33,0.33
164,WORKIVA INC.,PARSEPORT APS,Technology / Software,2022,MEDIUM,MODERATE,True,0.67,0.67
165,EQUINIX INC.,MAIN ONE CABLE COMPANY NIGERIA LTD,Technology / Software,2022,MEDIUM,EXCLUDED,False,,
166,VERISK ANALYTICS INC.,INFUTOR DATA SOLUTIONS LLC,Technology / Software,2022,MEDIUM,MODERATE,True,0.67,0.67
167,WNS (HOLDINGS) LTD,VURAM,Technology / Software,2022,MEDIUM,MODERATE,True,0.67,0.67
168,BROADCOM INC.,VMWARE INC.,Technology / Software,2023,HIGH,WEAK,True,0.33,0.33
169,INTERNATIONAL BUSINESS MACHINES CORPORATION,APPTIO INC.,Technology / Software,2023,HIGH,WEAK,True,0.33,0.33
170,DEUTSCHE BORSE AG,SIMCORP A/S,Technology / Software,2023,HIGH,MODERATE,True,0.67,0.67
171,PTC INC.,SERVICEMAX INC.,Technology / Software,2023,HIGH,MODERATE,True,0.67,0.67
172,EDENRED SE,REWARD GATEWAY (UK) LTD,Technology / Software,2023,HIGH,MODERATE,True,0.67,0.67
173,FORTIVE CORPORATION,SERVICECHANNEL.COM INC.,Technology / Software,2023,HIGH,WEAK,True,0.33,0.33
174,ATLASSIAN CORPORATION,LOOM INC.,Technology / Software,2023,HIGH,MODERATE,True,0.67,0.67
175,THERMO FISHER SCIENTIFIC INC.,COREVITAS LLC,Technology / Software,2023,HIGH,EXCLUDED,False,,
176,INSIGHT ENTERPRISES INC.,SADA INC.,Technology / Software,2023,HIGH,WEAK,True,0.33,0.33
177,MSCI INC.,"BURGISS GROUP LLC, THE",Technology / Software,2023,HIGH,WEAK,True,0.33,0.33
178,THOMSON REUTERS CORPORATION,CASETEXT INC.,Technology / Software,2023,HIGH,MODERATE,True,0.67,0.67
179,SHIFT4 PAYMENTS INC.,CREDORAX INC.,Technology / Software,2023,HIGH,WEAK,True,0.33,0.33
180,VOYA FINANCIAL INC.,BENEFITFOCUS INC.,Technology / Software,2023,HIGH,MODERATE,True,0.67,0.67
181,SOPRA STERIA GROUP SA,ORDINA NV,Technology / Software,2023,HIGH,MODERATE,True,0.67,0.67
182,VIASAT INC.,CONNECT TOPCO LTD,Technology / Software,2023,HIGH,EXCLUDED,False,,
183,ORANGE BELGIUM SA,VOO SA,Technology / Software,2023,HIGH,EXCLUDED,False,,
184,MICROSOFT CORPORATION,ACTIVISION BLIZZARD INC.,Technology / Software,2023,HIGH,MODERATE,True,0.67,0.67
185,NASDAQ INC.,ADENZA HOLDINGS INC.,Technology / Software,2023,HIGH,MODERATE,True,0.67,0.67
186,TRIMBLE INC.,TRANSPOREON GMBH,Technology / Software,2023,HIGH,MODERATE,True,0.67,0.67
187,INTERCONTINENTAL EXCHANGE INC.,BLACK KNIGHT INC.,Technology / Software,2023,MEDIUM,WEAK,True,0.33,0.33
188,ROPER TECHNOLOGIES INC.,SYNTELLIS PERFORMANCE SOLUTIONS LLC,Technology / Software,2023,MEDIUM,MODERATE,True,0.67,0.67
189,ROGERS COMMUNICATIONS INC.,SHAW COMMUNICATIONS INC.,Technology / Software,2023,MEDIUM,EXCLUDED,False,,
190,EUTELSAT COMMUNICATIONS SA,ONEWEB GLOBAL LTD,Technology / Software,2023,MEDIUM,EXCLUDED,False,,
191,PENN ENTERTAINMENT INC.,BARSTOOL SPORTS INC.,Technology / Software,2023,MEDIUM,EXCLUDED,False,,
192,PROGRESS SOFTWARE CORPORATION,MARKLOGIC CORPORATION,Technology / Software,2023,MEDIUM,WEAK,True,0.33,0.33
193,GOLOGIQ INC.,GAMMAREY INC.,Technology / Software,2023,MEDIUM,EXCLUDED,False,,
194,TENABLE HOLDINGS INC.,ERMETIC LTD,Technology / Software,2023,MEDIUM,WEAK,True,0.33,0.33
195,MULTIPLAN CORPORATION,BENEFITS SCIENCE LLC,Technology / Software,2023,MEDIUM,EXCLUDED,False,,
196,AEROVIRONMENT INC.,TOMAHAWK ROBOTICS INC.,Technology / Software,2023,MEDIUM,EXCLUDED,False,,
197,THOMSON REUTERS CORPORATION,SUREPREP LLC,Technology / Software,2023,MEDIUM,MODERATE,True,0.67,0.67
198,ENTAIN PLC,365 SCORES LTD,Technology / Software,2023,MEDIUM,EXCLUDED,False,,
