Deal_ID,BvD_Sub_Sector,Industry_Group,Close_Year,DYN_raw_combined,DYN_raw_US_only
1,"Banking, Insurance & Financial Services / Banks",Banks,2021,0.00055,0.000877
2,"Banking, Insurance & Financial Services / Banks",Banks,2021,0.00055,0.000877
3,"Banking, Insurance & Financial Services / Banks",Banks,2021,0.00055,0.000877
4,"Banking, Insurance & Financial Services / Insurance",Insurance,2021,0.001362,0.000365
5,"Banking, Insurance & Financial Services / Insurance",Insurance,2021,0.001362,0.000365
6,"Banking, Insurance & Financial Services / Management",Other Financial Services,2021,0.000838,0.000561
7,"Banking, Insurance & Financial Services / Securities & Commodities",Other Financial Services,2021,0.000838,0.000561
8,"Banking, Insurance & Financial Services / Funds",Other Financial Services,2021,0.000838,0.000561
9,"Banking, Insurance & Financial Services / Other Banking, Insurance & Financial Services",Other Financial Services,2021,0.000838,0.000561
10,"Banking, Insurance & Financial Services / Other Banking, Insurance & Financial Services",Other Financial Services,2021,0.000838,0.000561
11,"Banking, Insurance & Financial Services / Credit & Finance",Other Financial Services,2021,0.000838,0.000561
12,"Banking, Insurance & Financial Services / Investments",Other Financial Services,2021,0.000838,0.000561
13,"Banking, Insurance & Financial Services / Other Banking, Insurance & Financial Services",Other Financial Services,2021,0.000838,0.000561
14,"Banking, Insurance & Financial Services / Banks",Banks,2021,0.00055,0.000877
15,"Banking, Insurance & Financial Services / Banks",Banks,2021,0.00055,0.000877
16,"Banking, Insurance & Financial Services / Banks",Banks,2021,0.00055,0.000877
17,"Banking, Insurance & Financial Services / Banks",Banks,2021,0.00055,0.000877
18,"Banking, Insurance & Financial Services / Banks",Banks,2021,0.00055,0.000877
19,"Banking, Insurance & Financial Services / Insurance",Insurance,2021,0.001362,0.000365
20,"Banking, Insurance & Financial Services / Insurance",Insurance,2021,0.001362,0.000365
21,"Banking, Insurance & Financial Services / Banks",Banks,2022,0.000864,0.001012
22,"Banking, Insurance & Financial Services / Banks",Banks,2022,0.000864,0.001012
23,"Banking, Insurance & Financial Services / Banks",Banks,2022,0.000864,0.001012
24,"Banking, Insurance & Financial Services / Banks",Banks,2022,0.000864,0.001012
25,"Banking, Insurance & Financial Services / Banks",Banks,2022,0.000864,0.001012
26,"Banking, Insurance & Financial Services / Banks",Banks,2022,0.000864,0.001012
27,"Banking, Insurance & Financial Services / Banks",Banks,2022,0.000864,0.001012
28,"Banking, Insurance & Financial Services / Banks",Banks,2022,0.000864,0.001012
29,"Banking, Insurance & Financial Services / Banks",Banks,2022,0.000864,0.001012
30,"Banking, Insurance & Financial Services / Banks",Banks,2022,0.000864,0.001012
31,"Banking, Insurance & Financial Services / Banks",Banks,2022,0.000864,0.001012
32,"Banking, Insurance & Financial Services / Banks",Banks,2022,0.000864,0.001012
33,"Banking, Insurance & Financial Services / Banks",Banks,2022,0.000864,0.001012
34,"Banking, Insurance & Financial Services / Insurance",Insurance,2022,0.002154,0.000399
35,"Banking, Insurance & Financial Services / Insurance",Insurance,2022,0.002154,0.000399
36,"Banking, Insurance & Financial Services / Insurance",Insurance,2022,0.002154,0.000399
37,"Banking, Insurance & Financial Services / Other Banking, Insurance & Financial Services",Other Financial Services,2022,0.000889,0.000571
38,"Banking, Insurance & Financial Services / Other Banking, Insurance & Financial Services",Other Financial Services,2022,0.000889,0.000571
39,"Banking, Insurance & Financial Services / Other Banking, Insurance & Financial Services",Other Financial Services,2022,0.000889,0.000571
40,"Banking, Insurance & Financial Services / Other Banking, Insurance & Financial Services",Other Financial Services,2022,0.000889,0.000571
41,"Banking, Insurance & Financial Services / Banks",Banks,2022,0.000864,0.001012
42,"Banking, Insurance & Financial Services / Banks",Banks,2022,0.000864,0.001012
43,"Banking, Insurance & Financial Services / Banks",Banks,2022,0.000864,0.001012
44,"Banking, Insurance & Financial Services / Insurance",Insurance,2022,0.002154,0.000399
45,"Banking, Insurance & Financial Services / Insurance",Insurance,2022,0.002154,0.000399
46,"Banking, Insurance & Financial Services / Investments",Other Financial Services,2022,0.000889,0.000571
47,"Banking, Insurance & Financial Services / Banks",Banks,2023,0.002159,0.002222
48,"Banking, Insurance & Financial Services / Banks",Banks,2023,0.002159,0.002222
49,"Banking, Insurance & Financial Services / Insurance",Insurance,2023,0.001354,0.000403
50,"Banking, Insurance & Financial Services / Insurance",Insurance,2023,0.001354,0.000403
51,"Banking, Insurance & Financial Services / Insurance",Insurance,2023,0.001354,0.000403
52,"Banking, Insurance & Financial Services / Insurance",Insurance,2023,0.001354,0.000403
53,"Banking, Insurance & Financial Services / Investments",Other Financial Services,2023,0.001561,0.00121
54,"Banking, Insurance & Financial Services / Management",Other Financial Services,2023,0.001561,0.00121
55,"Banking, Insurance & Financial Services / Management",Other Financial Services,2023,0.001561,0.00121
56,"Banking, Insurance & Financial Services / Banks",Banks,2023,0.002159,0.002222
57,"Banking, Insurance & Financial Services / Banks",Banks,2023,0.002159,0.002222
58,"Banking, Insurance & Financial Services / Banks",Banks,2023,0.002159,0.002222
59,"Banking, Insurance & Financial Services / Banks",Banks,2023,0.002159,0.002222
60,"Banking, Insurance & Financial Services / Securities",Other Financial Services,2023,0.001561,0.00121
61,Computer Software / Web Hosting & Internet,Software & Internet,2021,0.00034,0.000395
62,Computer Software / Web Hosting & Internet,Software & Internet,2021,0.00034,0.000395
63,Computer Software / Web Hosting & Internet,Software & Internet,2021,0.00034,0.000395
64,Computer Software / Web Hosting & Internet,Software & Internet,2021,0.00034,0.000395
65,Computer Software / Software Services,Software & Internet,2021,0.00034,0.000395
66,Computer Software / Web Hosting & Internet,Software & Internet,2021,0.00034,0.000395
67,Computer Software / Web Hosting & Internet,Software & Internet,2021,0.00034,0.000395
68,Computer Software / Web Hosting & Internet,Software & Internet,2021,0.00034,0.000395
69,Computer Software / Web Hosting & Internet,Software & Internet,2021,0.00034,0.000395
70,Computer Software / Web Hosting & Internet,Software & Internet,2021,0.00034,0.000395
71,Computer Software / Web Hosting & Internet,Software & Internet,2021,0.00034,0.000395
72,Computer Software / Web Hosting & Internet,Software & Internet,2021,0.00034,0.000395
73,Computer Software / Web Hosting & Internet,Software & Internet,2021,0.00034,0.000395
74,Computer Software / Web Hosting & Internet,Software & Internet,2021,0.00034,0.000395
75,Computer Software / Web Hosting & Internet,Software & Internet,2021,0.00034,0.000395
76,Computer Software / Web Hosting & Internet,Software & Internet,2021,0.00034,0.000395
77,Computer Software / Web Hosting & Internet,Software & Internet,2021,0.00034,0.000395
78,Computer Software / Web Hosting & Internet,Software & Internet,2021,0.00034,0.000395
79,Computer Software / Software Services,Software & Internet,2021,0.00034,0.000395
80,Computer Software / Software Services,Software & Internet,2021,0.00034,0.000395
81,Computer Software / Web Hosting & Internet,Software & Internet,2021,0.00034,0.000395
82,Computer Software / Web Hosting & Internet,Software & Internet,2021,0.00034,0.000395
83,Computer Software / Web Hosting & Internet,Software & Internet,2021,0.00034,0.000395
84,Computer Software / Web Hosting & Internet,Software & Internet,2021,0.00034,0.000395
85,Computer Software / Web Hosting & Internet,Software & Internet,2021,0.00034,0.000395
86,Computer Software / Web Hosting & Internet,Software & Internet,2021,0.00034,0.000395
87,Computer Software / Web Hosting & Internet,Software & Internet,2021,0.00034,0.000395
88,Computer Software / Web Hosting & Internet,Software & Internet,2021,0.00034,0.000395
89,Communications / Other Telecommunications,"Communications, Media & Hardware",2021,0.000489,0.000402
90,Communications / Wireless Communications,"Communications, Media & Hardware",2021,0.000489,0.000402
91,Communications / Wired Communications,"Communications, Media & Hardware",2021,0.000489,0.000402
92,Computer Software / Application Software,Software & Internet,2021,0.00034,0.000395
93,Computer Software / Application Software,Software & Internet,2021,0.00034,0.000395
94,Computer Software / Application Software,Software & Internet,2021,0.00034,0.000395
95,Computer Software / Application Software,Software & Internet,2021,0.00034,0.000395
96,Computer Software / Application Software,Software & Internet,2021,0.00034,0.000395
97,Computer Software / Web Hosting & Internet,Software & Internet,2021,0.00034,0.000395
98,Computer Software / Web Hosting & Internet,Software & Internet,2021,0.00034,0.000395
99,Communications / Wireless Communications,"Communications, Media & Hardware",2021,0.000489,0.000402
100,Communications / Wired Communications,"Communications, Media & Hardware",2021,0.000489,0.000402
101,Computer Software / Application Software,Software & Internet,2021,0.00034,0.000395
102,Computer Software / Application Software,Software & Internet,2021,0.00034,0.000395
103,Communications / Communications Equipment,"Communications, Media & Hardware",2021,0.000489,0.000402
104,Computer Software / Web Hosting & Internet,Software & Internet,2021,0.00034,0.000395
105,Computer Software / Web Hosting & Internet,Software & Internet,2021,0.00034,0.000395
106,Computer Software / Web Hosting & Internet,Software & Internet,2021,0.00034,0.000395
107,Computer Software / Web Hosting & Internet,Software & Internet,2021,0.00034,0.000395
108,Computer Software / Software Services,Software & Internet,2021,0.00034,0.000395
109,Computer Software / Web Hosting & Internet,Software & Internet,2021,0.00034,0.000395
110,Computer Software / Web Hosting & Internet,Software & Internet,2021,0.00034,0.000395
111,Computer Software / Web Hosting & Internet,Software & Internet,2021,0.00034,0.000395
112,Computer Software / Software Services,Software & Internet,2021,0.00034,0.000395
113,Computer Software / Software Services,Software & Internet,2021,0.00034,0.000395
114,Computer Software / Web Hosting & Internet,Software & Internet,2021,0.00034,0.000395
115,Computer Software / Web Hosting & Internet,Software & Internet,2021,0.00034,0.000395
116,Computer Software / Software Services,Software & Internet,2021,0.00034,0.000395
117,Computer Software / Web Hosting & Internet,Software & Internet,2021,0.00034,0.000395
118,Computer Software / Web Hosting & Internet,Software & Internet,2021,0.00034,0.000395
119,Computer Software / Web Hosting & Internet,Software & Internet,2021,0.00034,0.000395
120,Computer Software / Web Hosting & Internet,Software & Internet,2021,0.00034,0.000395
121,Communications / A/V Devices,"Communications, Media & Hardware",2022,0.000636,0.000402
122,Computer Hardware / Computer,"Communications, Media & Hardware",2022,0.000636,0.000402
123,Communications / A/V Devices,"Communications, Media & Hardware",2022,0.000636,0.000402
124,Communications / Communications Equipment,"Communications, Media & Hardware",2022,0.000636,0.000402
125,Computer Software / Web Hosting & Internet,Software & Internet,2022,0.000336,0.000565
126,Computer Software / Web Hosting & Internet,Software & Internet,2022,0.000336,0.000565
127,Computer Software / Software Services,Software & Internet,2022,0.000336,0.000565
128,Computer Software / Web Hosting & Internet,Software & Internet,2022,0.000336,0.000565
129,Computer Software / Web Hosting & Internet,Software & Internet,2022,0.000336,0.000565
130,Computer Software / Software Services,Software & Internet,2022,0.000336,0.000565
131,Computer Software / Web Hosting & Internet,Software & Internet,2022,0.000336,0.000565
132,Computer Software / Web Hosting & Internet,Software & Internet,2022,0.000336,0.000565
133,Computer Software / Web Hosting & Internet,Software & Internet,2022,0.000336,0.000565
134,Computer Software / Web Hosting & Internet,Software & Internet,2022,0.000336,0.000565
135,Computer Software / Web Hosting & Internet,Software & Internet,2022,0.000336,0.000565
136,Media & Broadcasting / Webcast incl. Digital Broadcasting,"Communications, Media & Hardware",2022,0.000636,0.000402
137,Computer Software / Web Hosting & Internet,Software & Internet,2022,0.000336,0.000565
138,Computer Software / Software Services,Software & Internet,2022,0.000336,0.000565
139,Computer Software / Web Hosting & Internet,Software & Internet,2022,0.000336,0.000565
140,Computer Software / Web Hosting & Internet,Software & Internet,2022,0.000336,0.000565
141,Computer Software / Software Services,Software & Internet,2022,0.000336,0.000565
142,Computer Software / Web Hosting & Internet,Software & Internet,2022,0.000336,0.000565
143,Computer Software / Web Hosting & Internet,Software & Internet,2022,0.000336,0.000565
144,Computer Software / Web Hosting & Internet,Software & Internet,2022,0.000336,0.000565
145,Computer Software / Software Services,Software & Internet,2022,0.000336,0.000565
146,Computer Software / Software Services,Software & Internet,2022,0.000336,0.000565
147,Computer Software / Web Hosting & Internet,Software & Internet,2022,0.000336,0.000565
148,Computer Software / Web Hosting & Internet,Software & Internet,2022,0.000336,0.000565
149,Computer Software / Web Hosting & Internet,Software & Internet,2022,0.000336,0.000565
150,Media & Broadcasting / Webcast incl. Digital Broadcasting,"Communications, Media & Hardware",2022,0.000636,0.000402
151,Computer Software / Application Software,Software & Internet,2022,0.000336,0.000565
152,Communications / Communications Equipment,"Communications, Media & Hardware",2022,0.000636,0.000402
153,Computer Software / Web Hosting & Internet,Software & Internet,2022,0.000336,0.000565
154,Computer Software / Web Hosting & Internet,Software & Internet,2022,0.000336,0.000565
155,Computer Software / Web Hosting & Internet,Software & Internet,2022,0.000336,0.000565
156,Computer Software / Web Hosting & Internet,Software & Internet,2022,0.000336,0.000565
157,Computer Software / Web Hosting & Internet,Software & Internet,2022,0.000336,0.000565
158,Computer Software / Web Hosting & Internet,Software & Internet,2022,0.000336,0.000565
159,Computer Software / Web Hosting & Internet,Software & Internet,2022,0.000336,0.000565
160,Computer Software / Web Hosting & Internet,Software & Internet,2022,0.000336,0.000565
161,Computer Software / Web Hosting & Internet,Software & Internet,2022,0.000336,0.000565
162,Computer Software / Web Hosting & Internet,Software & Internet,2022,0.000336,0.000565
163,Computer Software / Web Hosting & Internet,Software & Internet,2022,0.000336,0.000565
164,Computer Software / Web Hosting & Internet,Software & Internet,2022,0.000336,0.000565
165,Communications / Wireless Communications,"Communications, Media & Hardware",2022,0.000636,0.000402
166,Computer Software / Application Software,Software & Internet,2022,0.000336,0.000565
167,Computer Software / Application Software,Software & Internet,2022,0.000336,0.000565
168,Computer Software / Web Hosting & Internet,Software & Internet,2023,0.000209,0.000261
169,Computer Software / Web Hosting & Internet,Software & Internet,2023,0.000209,0.000261
170,Computer Software / Web Hosting & Internet,Software & Internet,2023,0.000209,0.000261
171,Computer Software / Web Hosting & Internet,Software & Internet,2023,0.000209,0.000261
172,Computer Software / Web Hosting & Internet,Software & Internet,2023,0.000209,0.000261
173,Computer Software / Web Hosting & Internet,Software & Internet,2023,0.000209,0.000261
174,Computer Software / Web Hosting & Internet,Software & Internet,2023,0.000209,0.000261
175,Computer Software / Web Hosting & Internet,Software & Internet,2023,0.000209,0.000261
176,Computer Software / Software Services,Software & Internet,2023,0.000209,0.000261
177,Computer Software / Web Hosting & Internet,Software & Internet,2023,0.000209,0.000261
178,Media & Broadcasting / Webcast incl. Digital Broadcasting,"Communications, Media & Hardware",2023,0.000662,0.000467
179,Computer Software / Web Hosting & Internet,Software & Internet,2023,0.000209,0.000261
180,Computer Software / Web Hosting & Internet,Software & Internet,2023,0.000209,0.000261
181,Computer Software / Software Services,Software & Internet,2023,0.000209,0.000261
182,Communications / SatCOM,"Communications, Media & Hardware",2023,0.000662,0.000467
183,Communications / Other Telecommunications,"Communications, Media & Hardware",2023,0.000662,0.000467
184,Computer Software / Application Software,Software & Internet,2023,0.000209,0.000261
185,Computer Software / Application Software,Software & Internet,2023,0.000209,0.000261
186,Computer Software / Application Software,Software & Internet,2023,0.000209,0.000261
187,Computer Software / Web Hosting & Internet,Software & Internet,2023,0.000209,0.000261
188,Computer Software / Web Hosting & Internet,Software & Internet,2023,0.000209,0.000261
189,Communications / Wired Communications,"Communications, Media & Hardware",2023,0.000662,0.000467
190,Communications / SatCOM,"Communications, Media & Hardware",2023,0.000662,0.000467
191,Computer Software / Web Hosting & Internet,Software & Internet,2023,0.000209,0.000261
192,Computer Software / Web Hosting & Internet,Software & Internet,2023,0.000209,0.000261
193,Computer Software / Web Hosting & Internet,Software & Internet,2023,0.000209,0.000261
194,Computer Software / Web Hosting & Internet,Software & Internet,2023,0.000209,0.000261
195,Computer Software / Web Hosting & Internet,Software & Internet,2023,0.000209,0.000261
196,Computer Software / Software Services,Software & Internet,2023,0.000209,0.000261
197,Computer Software / Application Software,Software & Internet,2023,0.000209,0.000261
198,Computer Software / Application Software,Software & Internet,2023,0.000209,0.000261
