Deal_ID,Acquiror_Name,Ticker,Industry,Reclassified,Close_Year,Deal_Value_M,Acq_Rev_Y0,Acq_Rev_Yplus2,Acq_Rev_CAGR_2y,Bench_Rev_CAGR_2y,IAG_Primary_2y,SIZE_rel_DealOverRev
1,CAIXABANK SA,CABK,Financial Services / Payments,No,2021,5106.961694,14417.944349,24268.546604,0.297389,0.242272,0.055117,0.354209
2,BANCORPSOUTH BANK,CADE,Financial Services / Payments,No,2021,2966.080000,1260.202000,2193.824000,0.319413,0.242272,0.077142,2.353654
3,REGIONS FINANCIAL CORPORATION,RF,Financial Services / Payments,No,2021,1000.000000,6585.000000,9153.000000,0.178973,0.242272,-0.063299,0.151860
4,ARTHUR J GALLAGHER & COMPANY,AJG,Financial Services / Payments,No,2021,4000.000000,8209.400000,10071.900000,0.107643,0.242272,-0.134628,0.487246
5,"ALLSTATE CORPORATION, THE",ALL,Financial Services / Payments,No,2021,4000.000000,50588.000000,57094.000000,0.062359,0.242272,-0.179912,0.079070
6,MORGAN STANLEY,MS,Financial Services / Payments,No,2021,7000.000000,61121.000000,96194.000000,0.254523,0.242272,0.012252,0.114527
11,NEW RESIDENTIAL INVESTMENT CORPORATION,RITM,Financial Services / Payments,No,2021,1675.000000,3533.136000,3691.931000,0.022225,0.242272,-0.220046,0.474083
12,HOULIHAN LOKEY INC.,HLI,Financial Services / Payments,No,2021,605.304801,1525.452000,1809.447000,0.089115,0.242272,-0.153157,0.396804
14,"PNC FINANCIAL SERVICES GROUP INC., THE",PNC,Financial Services / Payments,No,2021,11600.000000,19698.000000,31882.000000,0.272219,0.242272,0.029947,0.588892
15,BRIDGE BANCORP INC.,BDGE,Financial Services / Payments,No,2021,489.000000,426.694000,645.566000,0.230020,0.242272,-0.012252,1.146020
16,ENTERPRISE FINANCIAL SERVICES CORPORATION,EFSC,Financial Services / Payments,No,2021,395.153000,450.973000,833.644000,0.359612,0.242272,0.117341,0.876223
17,FIRST FOUNDATION INC.,FFWM,Financial Services / Payments,No,2021,295.000000,317.671000,623.042000,0.400457,0.242272,0.158186,0.928634
18,STOCK YARDS BANCORP INC.,SYBT,Financial Services / Payments,No,2021,189.431000,242.926000,438.916000,0.344168,0.242272,0.101897,0.779789
19,NN GROUP NV,NN,Financial Services / Payments,No,2021,353.739612,22420.553985,20801.147860,-0.036791,0.242272,-0.279063,0.015777
20,BRP GROUP INC.,BWIN,Financial Services / Payments,No,2021,163.000000,567.290000,1218.555000,0.465615,0.242272,0.223344,0.287331
21,M&T BANK CORPORATION,MTB,Financial Services / Payments,No,2022,7518.439000,8603.723000,13453.000000,0.250450,0.180935,0.069515,0.873859
22,OLD NATIONAL BANCORP,ONB,Financial Services / Payments,No,2022,6500.000000,1853.981000,2956.348000,0.262773,0.180935,0.081837,3.505969
23,WEBSTER FINANCIAL CORPORATION,WBS,Financial Services / Payments,No,2022,5115.048000,2725.520000,4179.185000,0.238286,0.180935,0.057351,1.876724
24,NEW YORK COMMUNITY BANCORP INC.,FLG,Financial Services / Payments,No,2022,2600.000000,2339.000000,6353.000000,0.648065,0.180935,0.467130,1.111586
25,FIRST CITIZENS BANCSHARES INC.,FCNCA,Financial Services / Payments,No,2022,2156.590000,5549.000000,14968.000000,0.642383,0.180935,0.461448,0.388645
26,FIRST INTERSTATE BANCSYSTEM INC.,FIBK,Financial Services / Payments,No,2022,1949.842000,1184.700000,1480.600000,0.117930,0.180935,-0.063005,1.645853
27,VALLEY NATIONAL BANCORP,VLY,Financial Services / Payments,No,2022,1220.000000,2183.476000,3581.998000,0.280821,0.180935,0.099886,0.558742
28,DNB BANK ASA,DNB,Financial Services / Payments,No,2022,1196.490887,10535.056876,20275.562061,0.387292,0.180935,0.206357,0.113572
29,KBC GROEP NV/ KBC GROUPE SA,KBC,Financial Services / Payments,No,2022,1027.901455,12264.396798,13385.965632,0.044724,0.180935,-0.136211,0.083812
30,HOME BANCSHARES INC.,HOMB,Financial Services / Payments,No,2022,919.100000,1052.877000,1468.351000,0.180935,0.180935,0.000000,0.872941
31,CBTX INC.,STEL,Financial Services / Payments,No,2022,811.312000,343.348000,625.446000,0.349670,0.180935,0.168735,2.362944
32,SIMMONS FIRST NATIONAL CORPORATION,SFNC,Financial Services / Payments,No,2022,581.000000,1031.801000,1459.236000,0.189227,0.180935,0.008292,0.563093
33,UNITED COMMUNITY BANKS INC.,UCB,Financial Services / Payments,No,2022,501.703000,950.862000,1502.497000,0.257037,0.180935,0.076102,0.527630
34,CHUBB LTD,CB,Financial Services / Payments,No,2022,5360.000000,43017.000000,55893.000000,0.139879,0.180935,-0.041057,0.124602
35,SUN LIFE FINANCIAL INC.,SLF,Financial Services / Payments,No,2022,2475.000000,21234.666319,24383.241303,0.071576,0.180935,-0.109359,0.116555
36,ALM BRAND A/S,ALMB,Financial Services / Payments,No,2022,1786.195843,1506.443938,1949.708853,0.137649,0.180935,-0.043286,1.185703
40,SCHRODERS PLC,SDR,Financial Services / Payments,No,2022,623.235035,3575.230036,3795.637241,0.030363,0.180935,-0.150572,0.174320
41,US BANCORP,USB,Financial Services / Payments,No,2022,8000.000000,27401.000000,42712.000000,0.248509,0.180935,0.067574,0.291960
42,CITIZENS FINANCIAL GROUP INC.,CFG,Financial Services / Payments,No,2022,3500.000000,9069.000000,12362.000000,0.167521,0.180935,-0.013414,0.385930
43,RAYMOND JAMES FINANCIAL INC.,RJF,Financial Services / Payments,No,2022,1100.000000,11308.000000,14923.000000,0.148776,0.180935,-0.032160,0.097276
44,BERKSHIRE HATHAWAY INC.,BRKB,Financial Services / Payments,No,2022,11600.000000,234121.000000,371433.000000,0.259563,0.180935,0.078628,0.049547
45,LEMONADE INC.,LMND,Financial Services / Payments,No,2022,145.000000,256.700000,526.500000,0.432143,0.180935,0.251207,0.564862
46,B RILEY FINANCIAL INC.,RILY,Financial Services / Payments,No,2022,175.000000,1080.670000,838.597000,-0.119093,0.180935,-0.300028,0.161937
47,COLUMBIA BANKING SYSTEM INC.,COLB,Financial Services / Payments,No,2023,6500.000000,2743.254000,3214.000000,0.082405,0.114155,-0.031750,2.369449
48,BANC OF CALIFORNIA INC.,BANC,Financial Services / Payments,No,2023,1019.600000,1522.715000,1818.792000,0.092904,0.114155,-0.021251,0.669593
49,ASR NEDERLAND NV,ASRNL,Financial Services / Payments,No,2023,5246.064981,13454.285831,19498.461256,0.203843,0.114155,0.089688,0.389918
50,RENAISSANCERE HOLDINGS LTD,RNR,Financial Services / Payments,No,2023,3575.000000,9134.608000,12848.074000,0.185971,0.114155,0.071816,0.391369
51,ARTHUR J GALLAGHER & COMPANY,AJG,Financial Services / Payments,No,2023,904.000000,10071.900000,13942.000000,0.176540,0.114155,0.062385,0.089755
52,ARTHUR J GALLAGHER & COMPANY,AJG,Financial Services / Payments,No,2023,510.000000,10071.900000,13942.000000,0.176540,0.114155,0.062385,0.050636
53,"TORONTO-DOMINION BANK, THE",TD,Financial Services / Payments,No,2023,1300.000000,75419.665412,87369.090158,0.076308,0.114155,-0.037847,0.017237
54,RATHBONES GROUP PLC,RAT,Financial Services / Payments,No,2023,1035.055544,843.249196,1364.561688,0.272092,0.114155,0.157937,1.227461
55,RITHM CAPITAL CORPORATION,RITM,Financial Services / Payments,No,2023,719.800000,3691.931000,4799.259000,0.140146,0.114155,0.025990,0.194966
56,BANK OF MONTREAL,BMO,Financial Services / Payments,No,2023,13400.000000,48921.405222,55811.919850,0.068105,0.114155,-0.046050,0.273909
57,OTP BANK NYRT,OTP,Financial Services / Payments,No,2023,1079.045636,11924.298390,13717.240600,0.072549,0.114155,-0.041607,0.090491
58,SEACOAST BANKING CORPORATION OF FLORIDA,SBCF,Financial Services / Payments,No,2023,488.600000,768.127000,935.524000,0.103598,0.114155,-0.010557,0.636093
59,PROSPERITY BANCSHARES INC.,PB,Financial Services / Payments,No,2023,336.280000,1597.808000,1738.624000,0.043135,0.114155,-0.071020,0.210463
60,DEUTSCHE BANK AG,DBK,Financial Services / Payments,No,2023,499.368937,66884.239899,72537.350589,0.041403,0.114155,-0.072752,0.007466
61,SALESFORCE.COM INC.,CRM,Technology / Software,No,2021,27700.000000,21252.000000,31352.000000,0.214598,0.108867,0.105732,1.303407
62,LONDON STOCK EXCHANGE GROUP PLC,LSEG,Technology / Software,No,2021,27000.000000,8990.512479,10422.754117,0.076711,0.108867,-0.032156,3.003166
63,INTUIT INC.,INTU,Technology / Software,No,2021,12000.000000,9633.000000,14368.000000,0.221286,0.108867,0.112419,1.245718
65,SKYWORKS SOLUTIONS INC.,SWKS,Technology / Software,No,2021,2750.000000,5109.100000,4772.400000,-0.033513,0.108867,-0.142379,0.538255
67,BILL.COM HOLDINGS INC.,BILL,Technology / Software,No,2021,2375.000000,238.265000,1058.468000,1.107700,0.108867,0.998833,9.967893
68,TYLER TECHNOLOGIES INC.,TYL,Technology / Software,No,2021,2300.000000,1592.287000,1951.751000,0.107137,0.108867,-0.001729,1.444463
69,ROCKWELL AUTOMATION INC.,ROK,Technology / Software,No,2021,2220.000000,6997.400000,9058.000000,0.137753,0.108867,0.028886,0.317261
70,INTERNATIONAL BUSINESS MACHINES CORPORATION,IBM,Technology / Software,No,2021,2000.000000,57351.000000,61860.000000,0.038567,0.108867,-0.070300,0.034873
71,EQUIFAX INC.,EFX,Technology / Software,No,2021,1825.000000,4923.900000,5265.200000,0.034077,0.108867,-0.074790,0.370641
72,PROSUS NV,PRX,Technology / Software,No,2021,1800.000000,5116.000000,4947.000000,-0.016656,0.108867,-0.125522,0.351837
73,MAGNITE INC.,MGNI,Technology / Software,No,2021,1700.000000,468.413000,619.710000,0.150217,0.108867,0.041350,3.629276
74,FORTIVE CORPORATION,FTV,Technology / Software,No,2021,1425.000000,5254.700000,6065.300000,0.074366,0.108867,-0.034501,0.271186
75,SINCH AB,SINCH,Technology / Software,No,2021,1300.000000,1886.141595,2711.087992,0.198905,0.108867,0.090038,0.689238
76,ADOBE INC.,ADBE,Technology / Software,No,2021,1275.000000,15785.000000,19409.000000,0.108867,0.108867,0.000000,0.080773
77,BOOKING HOLDINGS INC.,BKNG,Technology / Software,No,2021,1200.000000,10958.000000,21365.000000,0.396323,0.108867,0.287456,0.109509
78,SAP SE,SAP,Technology / Software,No,2021,1188.399321,32930.632203,33752.520274,0.012402,0.108867,-0.096464,0.036088
79,BENTLEY SYSTEMS INC.,BSY,Technology / Software,No,2021,1050.000000,965.046000,1228.413000,0.128231,0.108867,0.019365,1.088031
80,AUTODESK INC.,ADSK,Technology / Software,No,2021,1000.000000,3790.400000,5005.000000,0.149104,0.108867,0.040238,0.263824
82,OPEN TEXT CORPORATION,OTEX,Technology / Software,No,2021,860.000000,3386.115000,4484.980000,0.150878,0.108867,0.042012,0.253978
83,FUTURE PLC,FUTR,Technology / Software,No,2021,823.368182,830.738261,968.151734,0.079542,0.108867,-0.029324,0.991128
84,LIGHTSPEED COMMERCE INC.,LSPD,Technology / Software,No,2021,779.429000,221.728000,730.506000,0.815104,0.108867,0.706238,3.515248
85,ALLY FINANCIAL INC.,ALLY,Financial Services / Payments,Yes,2021,750.000000,10690.000000,15971.000000,0.222298,0.242272,-0.019973,0.070159
86,PTC INC.,PTC,Technology / Software,No,2021,715.000000,1807.159000,2097.053000,0.077225,0.108867,-0.031641,0.395649
87,CARDLYTICS INC.,CDLX,Technology / Software,No,2021,650.000000,267.116000,309.204000,0.075902,0.108867,-0.032965,2.433400
88,DIGITAL TURBINE INC.,APPS,Technology / Software,No,2021,540.000000,313.579000,665.920000,0.457262,0.108867,0.348395,1.722054
94,UPBOUND GROUP INC.,UPBD,Financial Services / Payments,Yes,2021,1650.000000,4583.451000,3992.413000,-0.066700,0.242272,-0.308971,0.359991
96,SYNAPTICS INC.,SYNA,Technology / Software,No,2021,538.086000,1339.600000,1355.100000,0.005769,0.108867,-0.103098,0.401677
97,JUST EAT TAKEAWAY.COM NV,JTKWY,Technology / Software,No,2021,7300.000000,5316.543056,3822.141972,-0.152112,0.108867,-0.260978,1.373073
101,MICROSOFT CORPORATION,MSFT,Technology / Software,No,2021,7500.000000,168088.000000,211915.000000,0.122826,0.108867,0.013960,0.044619
102,HEXAGON AB,HEXA.B,Technology / Software,No,2021,2820.000000,5134.515030,5878.354851,0.069986,0.108867,-0.038880,0.549224
104,PAR TECHNOLOGY CORPORATION,PAR,Technology / Software,No,2021,500.000000,282.876000,415.823000,0.212429,0.108867,0.103562,1.767559
105,PROCORE TECHNOLOGIES INC.,PCOR,Technology / Software,No,2021,500.000000,514.821000,950.010000,0.358426,0.108867,0.249559,0.971211
106,F5 INC.,FFIV,Technology / Software,No,2021,500.000000,2603.416000,2813.169000,0.039504,0.108867,-0.069363,0.192055
107,SANGOMA TECHNOLOGIES CORPORATION,STC,Technology / Software,No,2021,467.332803,130.613654,252.530000,0.390472,0.108867,0.281605,3.577978
109,CROWDSTRIKE HOLDINGS INC.,CRWD,Technology / Software,No,2021,392.000000,874.438000,2241.236000,0.600956,0.108867,0.492089,0.448288
110,DYE & DURHAM LTD,DND,Financial Services / Payments,Yes,2021,389.622032,163.082853,336.887807,0.437270,0.242272,0.194999,2.389105
111,HEWLETT PACKARD ENTERPRISE COMPANY,HPE,Technology / Software,No,2021,374.000000,27784.000000,29135.000000,0.024024,0.108867,-0.084843,0.013461
112,MAPLEBEAR INC.,CART,Technology / Software,No,2021,350.000000,1834.000000,3042.000000,0.287893,0.108867,0.179027,0.190840
114,SERVICENOW INC.,NOW,Technology / Software,No,2021,230.000000,5896.000000,8971.000000,0.233507,0.108867,0.124641,0.039009
115,ALTUS GROUP LTD,AIF,Technology / Software,No,2021,201.500000,498.979754,377.797282,-0.129862,0.108867,-0.238729,0.403824
119,ANTARES VISION SPA,AV,Technology / Software,No,2021,151.500000,211.665556,227.142893,0.035916,0.108867,-0.072951,0.715752
120,CARGURUS INC.,CARG,Technology / Software,No,2021,140.250000,951.373000,914.242000,-0.019709,0.108867,-0.128575,0.147419
121,HP INC.,HPQ,Technology / Software,No,2022,3300.000000,62910.000000,53559.000000,-0.077309,0.071445,-0.148753,0.052456
122,GN STORE NORD A/S,GN,Technology / Software,No,2022,1222.186178,2645.762958,2608.458954,-0.007075,0.071445,-0.078519,0.461941
124,ADTRAN HOLDINGS INC.,ADTN,Technology / Software,No,2022,507.517970,1025.536000,922.720000,-0.051452,0.071445,-0.122896,0.494881
125,S&P GLOBAL INC.,SPGI,Financial Services / Payments,Yes,2022,38856.293000,11181.000000,14208.000000,0.127265,0.180935,-0.053670,3.475207
126,MICROSOFT CORPORATION,MSFT,Technology / Software,No,2022,19700.000000,198270.000000,245122.000000,0.111892,0.071445,0.040448,0.099359
127,TAKE TWO INTERACTIVE SOFTWARE INC.,TTWO,Technology / Software,No,2022,12700.000000,3504.800000,5349.600000,0.235461,0.071445,0.164016,3.623602
128,DOORDASH INC.,DASH,Technology / Software,No,2022,7499.102786,6583.000000,10722.000000,0.276221,0.071445,0.204777,1.139162
129,TELEFONAKTIEBOLAGET LM ERICSSON AB,ERIC.B,Technology / Software,No,2022,5301.949000,26926.480472,23449.876329,-0.066788,0.071445,-0.138232,0.196905
130,APTIV PLC,APTV,Technology / Software,No,2022,3500.000000,17489.000000,12088.000000,-0.168629,0.071445,-0.240074,0.200126
133,SHOPIFY INC.,SHOP,Technology / Software,No,2022,2100.000000,5599.864000,8880.000000,0.259267,0.071445,0.187822,0.375009
134,FACTSET RESEARCH SYSTEMS INC.,FDS,Financial Services / Payments,Yes,2022,1925.000000,1843.892000,2203.056000,0.093063,0.180935,-0.087873,1.043987
135,ADVANCED MICRO DEVICES INC.,AMD,Technology / Software,No,2022,1900.000000,23601.000000,25785.000000,0.045246,0.071445,-0.026199,0.080505
136,ABRDN PLC,ABDN,Financial Services / Payments,Yes,2022,1881.859125,1901.547116,1750.849502,-0.040443,0.180935,-0.221378,0.989646
137,SIEMENS AG,SIE,Technology / Software,No,2022,1875.000000,78012.809209,82328.007819,0.027285,0.071445,-0.044160,0.024035
139,APPLOVIN CORPORATION,APP,Technology / Software,No,2022,1050.000000,2817.058000,4709.248000,0.292939,0.071445,0.221494,0.372729
140,MICROSOFT CORPORATION,MSFT,Technology / Software,No,2022,1000.000000,198270.000000,245122.000000,0.111892,0.071445,0.040448,0.005044
142,AKAMAI TECHNOLOGIES INC.,AKAM,Technology / Software,No,2022,900.000000,3616.654000,3991.168000,0.050501,0.071445,-0.020943,0.248849
145,BENTLEY SYSTEMS INC.,BSY,Technology / Software,No,2022,700.000000,1099.082000,1353.095000,0.109556,0.071445,0.038111,0.636895
146,ZEBRA TECHNOLOGIES CORPORATION,ZBRA,Technology / Software,No,2022,695.189464,5781.000000,4981.000000,-0.071767,0.071445,-0.143212,0.120254
147,MORNINGSTAR INC.,MORN,Financial Services / Payments,Yes,2022,650.000000,1870.600000,2275.100000,0.102833,0.180935,-0.078102,0.347482
151,SENTINELONE INC.,S,Technology / Software,No,2022,595.745000,204.799000,621.154000,0.741549,0.071445,0.670105,2.908925
153,HEXAGON AB,HEXA.B,Technology / Software,No,2022,1200.000000,5435.453425,5842.810649,0.036795,0.071445,-0.034649,0.220773
154,JP MORGAN,JPM,Financial Services / Payments,Yes,2022,463.540969,154792.000000,278906.000000,0.342316,0.180935,0.161380,0.002995
155,PAYSAFE LTD,PSFE,Financial Services / Payments,Yes,2022,441.000000,1496.137000,1704.835000,0.067470,0.180935,-0.113466,0.294759
156,NETAPP INC.,NTAP,Technology / Software,No,2022,354.712160,6318.000000,6268.000000,-0.003965,0.071445,-0.075409,0.056143
157,DIGITALOCEAN HOLDINGS INC.,DOCN,Technology / Software,No,2022,350.000000,576.322000,780.615000,0.163820,0.071445,0.092375,0.607299
159,CRITEO SA,CRTO,Technology / Software,No,2022,250.000000,2017.003000,1933.289000,-0.020972,0.071445,-0.092417,0.123946
160,8X8 INC.,EGHT,Technology / Software,No,2022,250.000000,638.130000,728.705000,0.068615,0.071445,-0.002830,0.391770
163,MITEK SYSTEMS INC.,MITK,Technology / Software,No,2022,130.052126,144.804000,172.083000,0.090131,0.071445,0.018686,0.898125
164,WORKIVA INC.,WK,Technology / Software,No,2022,100.000000,537.875000,738.680000,0.171892,0.071445,0.100447,0.185917
166,VERISK ANALYTICS INC.,VRSK,Technology / Software,No,2022,250.000000,2497.000000,2881.700000,0.074274,0.071445,0.002830,0.100120
167,WNS (HOLDINGS) LTD,WNS,Technology / Software,No,2022,165.000000,1109.800000,1323.365000,0.091987,0.071445,0.020542,0.148675
168,BROADCOM INC.,AVGO,Technology / Software,No,2023,69000.000000,35819.000000,63887.000000,0.335517,0.109519,0.225999,1.926352
169,INTERNATIONAL BUSINESS MACHINES CORPORATION,IBM,Technology / Software,No,2023,4600.000000,61860.000000,67535.000000,0.044863,0.109519,-0.064655,0.074361
170,DEUTSCHE BORSE AG,DB1,Financial Services / Payments,Yes,2023,4278.942833,5447.471614,8342.434000,0.237511,0.114155,0.123355,0.785492
171,PTC INC.,PTC,Technology / Software,No,2023,1485.000000,2097.053000,2739.226000,0.142903,0.109519,0.033384,0.708137
172,EDENRED SE,EDEN,Technology / Software,No,2023,1421.859545,2718.977056,3347.147300,0.109519,0.109519,0.000000,0.522939
173,FORTIVE CORPORATION,FTV,Technology / Software,No,2023,1200.000000,6065.300000,4159.100000,-0.171918,0.109519,-0.281436,0.197847
174,ATLASSIAN CORPORATION,TEAM,Technology / Software,No,2023,975.000000,3534.647000,5215.304000,0.214694,0.109519,0.105175,0.275841
176,INSIGHT ENTERPRISES INC.,NSIT,Technology / Software,No,2023,800.000000,9175.840000,8247.180000,-0.051953,0.109519,-0.161472,0.087185
177,MSCI INC.,MSCI,Financial Services / Payments,Yes,2023,697.000000,2528.920000,3134.459000,0.113304,0.114155,-0.000851,0.275612
178,THOMSON REUTERS CORPORATION,TRI,Technology / Software,No,2023,650.000000,6794.000000,7476.000000,0.048991,0.109519,-0.060527,0.095673
179,SHIFT4 PAYMENTS INC.,FOUR,Financial Services / Payments,Yes,2023,575.000000,2564.800000,4180.000000,0.276619,0.114155,0.162464,0.224189
180,VOYA FINANCIAL INC.,VOYA,Financial Services / Payments,Yes,2023,570.000000,7348.000000,8189.000000,0.055677,0.114155,-0.058479,0.077572
181,SOPRA STERIA GROUP SA,SOP,Technology / Software,No,2023,553.817348,5914.910708,6384.561956,0.038942,0.109519,-0.070576,0.093631
184,MICROSOFT CORPORATION,MSFT,Technology / Software,No,2023,68700.000000,211915.000000,281724.000000,0.153005,0.109519,0.043486,0.324187
185,NASDAQ INC.,NDAQ,Financial Services / Payments,Yes,2023,10500.000000,3895.000000,5249.000000,0.160873,0.114155,0.046717,2.695764
186,TRIMBLE INC.,TRMB,Technology / Software,No,2023,2034.172480,3798.700000,3587.300000,-0.028224,0.109519,-0.137742,0.535492
187,INTERCONTINENTAL EXCHANGE INC.,ICE,Financial Services / Payments,Yes,2023,13100.000000,7988.000000,9931.000000,0.115007,0.114155,0.000851,1.639960
188,ROPER TECHNOLOGIES INC.,ROP,Technology / Software,No,2023,1400.000000,6177.800000,7902.500000,0.131007,0.109519,0.021488,0.226618
192,PROGRESS SOFTWARE CORPORATION,PRGS,Technology / Software,No,2023,355.000000,694.439000,977.831000,0.186629,0.109519,0.077110,0.511204
194,TENABLE HOLDINGS INC.,TENB,Technology / Software,No,2023,265.000000,798.710000,999.405000,0.118604,0.109519,0.009085,0.331785
197,THOMSON REUTERS CORPORATION,TRI,Technology / Software,No,2023,500.000000,6794.000000,7476.000000,0.048991,0.109519,-0.060527,0.073594
